,CharacterName,Sentiment
0,3-D Man,5.694319488817881
1,Abigail Brand,5.496649635036509
2,Abner Jenkins,5.528283922462931
3,Abomination (character),5.594976604278049
4,Abraham Cornelius,5.460057803468219
5,Abraham Whistler,5.480725504861648
6,Absorbing Man,5.617259287338877
7,Achebe (comics),5.465999999999999
8,Adam Warlock,5.671161484453332
9,Adrienne Frost,5.668644470868024
10,Agatha Harkness,5.7813629842180845
11,Agent (comics),5.482091121495328
12,Agent X (Marvel Comics),5.565859676175805
13,Air-Walker,5.833286852589648
14,Al MacKenzie,5.510986717267571
15,Aldrich Killian,5.712071563088516
16,Aleksander Lukin,5.701126373626371
17,Aleta Ogord,
18,Alex Power,5.666363636363637
19,Alex Wilder,5.699622093023259
20,Alexander Bont,5.63357656731758
21,Alexander Goodwin Pierce,5.765
22,Alfie O_Meggan,5.673
23,Alicia Masters,5.828449111470121
24,Alistair Smythe,5.437819732034096
25,Alyssa Moy,5.759386503067489
26,Amadeus Cho,5.493638137719497
27,Amanda Sefton,5.617296181630554
28,Amatsu-Mikaboshi (comics),5.3933333333333335
29,Amelia Voght,5.635916824196604
30,American Dream (comics),5.9238756388416
31,American Eagle (Marvel Comics),5.622084848484841
32,Anaconda (comics),5.465999999999999
33,Ancient One,5.609117647058831
34,Andrew Chord,5.649295081967217
35,Andromeda (Marvel Comics),5.775491651205939
36,Andy Lorimer,5.655000000000001
37,Angel (Thomas Halloway),5.777959770114946
38,Angel Dust (comics),6.359999999999999
39,Angel Salvadore,5.74358301158303
40,Angela (comics),5.465999999999999
41,Ani-Mator,5.186
42,Ani-Men,5.690269865067495
43,Anna Maria Marconi,5.614342948717927
44,Anna Watson (comics),5.721780821917814
45,Anne Marie Hoag,5.443333333333333
46,Anne Weying,5.556637500000006
47,Annex (comics),6.005000000000001
48,Annihilus,5.569521100047409
49,Anole (comics),5.465999999999999
50,Ant-Man,5.743571428571425
51,Anthem (comics),5.642857142857143
52,Anti-Venom (symbiote),4.837142857142857
53,Anya Corazon,5.563006843455943
54,Apache Kid (comics),5.802925430210326
55,Apocalypse (comics),5.465999999999999
56,Apollo (Marvel Comics),6.113333333333333
57,Aqueduct (comics),5.485000000000001
58,Arabian Knight (comics),5.8999999999999995
59,Aragorn (comics),5.755238095238104
60,Arcade (Marvel Comics),5.538223552894208
61,Archie Corrigan,5.636896551724142
62,Arclight (comics),5.569326923076915
63,Ares (Marvel Comics),5.421627027027021
64,Aries (comics),5.465999999999999
65,Arkon,5.549471830985913
66,Armadillo (comics),5.610688816855766
67,Armor (comics),5.701666666666667
68,Arnim Zola,5.59999464381361
69,Arno Stark,5.623088235294126
70,Arsenal (Marvel Comics),5.5156250000000036
71,Asbestos Man,5.700403587443952
72,Asp (comics),5.465999999999999
73,Atalanta (Pantheon),5.725555555555556
74,Athena (Marvel Comics),5.61135004042038
75,Attuma,5.645195143104953
76,Aurora (comics),5.584394313967857
77,Avalanche (comics),5.465999999999999
78,Awesome Android,5.675507518796995
79,Azazel (Marvel Comics),5.6506258503401385
80,Azzuri (comics),5.295000000000001
81,Baron Blood,5.531545972335227
82,Baron Brimstone,5.563902439024397
83,Baron Mordo,5.485947910357362
84,Baron Von Blitzschlag,5.642520661157025
85,Baron Zemo,5.621987951807234
86,Barracuda (comics),5.793333333333333
87,Bast (Marvel Comics),5.827718865598036
88,Bastion (comics),5.521301145662847
89,Batroc the Leaper,5.673252866626429
90,Battlestar (comics),5.435714285714285
91,Batwing (Marvel Comics),5.609401544401554
92,Baymax,5.862507396449717
93,Beast (comics),5.315
94,Beautiful Dreamer (Marvel Comics),5.888000000000012
95,Bedlam (comics),5.665991735537199
96,Beef (comics),6.88
97,Beetle (comics),5.626931738212509
98,Bela (comics),5.836153846153847
99,Belasco (Marvel Comics),5.58817054263567
100,Bella Donna (comics),5.570260416666684
101,Ben Reilly,5.455873632191964
102,Ben Urich,5.498977635782741
103,Bengal (comics),5.618072289156636
104,Benjamin Richard Parker,5.658895859473036
105,Bereet,5.847904761904764
106,Berzerker (comics),6.88
107,Beta Ray Bill,5.432130694891843
108,Bethany Cabe,5.5423774509804
109,Betsy Braddock,5.602179662562528
110,Betsy Ross (comics),5.43
111,Betty Brant,5.619811320754694
112,Betty Ross,5.5300387596899245
113,Beverly Switzler,5.574907834101392
114,Beyonder,5.506882078614255
115,Bi-Beast,5.5185516372795975
116,Big Ben Donovan,5.433519553072635
117,Big Bertha (comics),5.693560090702948
118,Big Man (comics),5.536894117647067
119,Big Wheel (comics),5.618571428571428
120,Billy Connors (comics),5.385000000000001
121,Bird-Brain (Marvel Comics),5.940083333333337
122,Bird-Man,5.94
123,Bishop (Marvel Comics),5.481351706036739
124,Bison (comics),5.201666666666667
125,Black Bolt,5.6287925636007845
126,Black Box (comics),5.64
127,Black Cat (Marvel Comics),5.678191604938064
128,Black Crow (comics),5.636253602305488
129,Black Fox (Raul Chalmers),5.74
130,Black Jack Tarr,5.534074074074081
131,Black Knight (comics),5.696
132,Black Mamba (comics),5.368333333333333
133,Black Marvel,5.6407764390897075
134,Black Panther (character),5.653777621534486
135,Black Racer (Marvel Comics),5.390000000000001
136,Black Rider (comics),5.47
137,Black Spectre (Carson Knowles),4.88
138,Black Swan (comics),5.524373795761089
139,Black Talon (comics),5.474873646209397
140,Black Tarantula,5.492057692307688
141,Black Tom Cassidy,5.546046025104604
142,Black Widow (Marvel Comics),5.433223905723923
143,Blackheart,5.591739130434789
144,Blacklight (MC2),5.367142857142858
145,Blackout (Marcus Daniels),5.628604910714297
146,Blackwing (character),5.609310850439895
147,Blade (character),5.49273309152976
148,Blake Tower,5.570203442879511
149,Blank (comics),6.0600000000000005
150,Blastaar,5.4368253968254034
151,Blazing Skull,5.60979430379748
152,Blindfold (comics),5.460542082738948
153,Blindspot (comics),5.5976880984952295
154,Bling!,5.485
155,Blink (comics),5.443333333333334
156,Bliss (Marvel Comics),6.88
157,Blizzard (Marvel Comics),5.489753972321881
158,Blob (comics),5.627777777777778
159,Blockbuster (Marauder),5.765057142857156
160,Blonde Phantom,5.759101401483925
161,Blood Brothers (comics),5.519301423027184
162,Bloodaxe (comics),5.465999999999999
163,Bloodhawk,5.517500000000007
164,Bloodscream,5.398509316770196
165,Bloodshed (comics),5.465999999999999
166,Bloodstrike (Marvel Comics),5.867116279069773
167,Blue Diamond (comics),5.7871428571428565
168,Blue Eagle (comics),5.595714285714285
169,Blue Marvel,5.70296453149814
170,Blue Shield (comics),5.750961038961048
171,Blue Streak (comics),5.668436532507744
172,"Bob, Agent of HYDRA",5.33375
173,Bolivar Trask,5.52564585115485
174,Bonebreaker,5.631417910447772
175,Boomerang (comics),5.465999999999999
176,Bova (comics),5.793062827225135
177,Box (comics),5.5585643564356495
178,Brain Drain (comics),5.424285714285714
179,Brainchild (comics),4.745
180,Breeze Barton,5.744645390070935
181,Brent Jackson,5.430498084291189
182,Brett Mahoney,5.486121546961337
183,Brian Banner,5.463748953974909
184,Brimstone Love,5.43
185,Brother Tode,6.88
186,Brother Voodoo,5.585997673065738
187,Brothers Grimm (comics),5.646191011235965
188,Bruce Banner,5.493
189,Brute (Reed Richards),5.795976190476204
190,Bucky (Marvel Comics),5.609878331402086
191,Bucky Barnes,5.627155944201433
192,Bug (comics),5.551295238095248
193,Bulldozer (comics),5.465999999999999
194,Bullseye (comics),5.3933333333333335
195,Bulwark (comics),6.88
196,Burglar (comics),5.465999999999999
197,Burner (comics),5.742
198,Bushman (comics),5.465999999999999
199,Bushmaster (Marvel Comics),5.50451786918408
200,Bushwacker (comics),5.444206349206358
201,Buzz (Marvel Comics),5.708258064516127
202,Byrrah,
203,Cable (comics),5.495000000000001
204,Caiman (comics),5.956799999999999
205,Caliban (comics),5.793333333333333
206,Callisto (comics),5.519262577532743
207,Calypso (comics),5.52057344064387
208,Cameron Hodge,5.49032734952483
209,Cammi (comics),5.68
210,Cancer (comics),6.47
211,Candra (comics),5.122999999999999
212,Cannonball (comics),5.706
213,Capricorn (comics),5.805000000000001
214,Captain (comics),5.748421052631579
215,Captain America,5.625710123816394
216,Captain Atlas,5.78394435351884
217,Captain Britain Corps,5.705555555555556
218,Captain Britain,5.658205312275696
219,Captain Fate,5.8
220,Captain Marvel (Marvel Comics),5.63737943056364
221,Captain Midlands,5.70043154761905
222,Captain Savage,5.45
223,Captain Ultra,5.799183359013877
224,Captain Universe,5.710611848494659
225,Captain Wonder (Timely Comics),5.758305084745773
226,Cardiac (comics),5.2316666666666665
227,Cardinal (comics),5.5055172413793185
228,Caretaker (comics),5.430767018216682
229,Carlie Cooper,5.482592313489067
230,Carnage (character),5.513088948787038
231,Carnivore (comics),5.677692307692308
232,Carol Danvers,5.794521501366903
233,Carrion (comics),5.38646179401993
234,Cassandra Nova,5.546343154246093
235,Catseye (comics),5.681021611001981
236,Cecilia Reyes,5.518273809523822
237,Celestials (comics),5.702500000000001
238,Cell (comics),6.359999999999999
239,Centurious,5.505108359133135
240,Centurius,5.429426877470357
241,Cerebra,5.43
242,Cerise (comics),5.61036190476192
243,Challenger (comics),5.465999999999999
244,Chamber (comics),5.455000000000001
245,Chameleon (comics),5.793333333333333
246,Champion of the Universe,5.599714738510314
247,Charcoal (comics),5.694782608695658
248,Charlie-27,5.732250639386185
249,Charlotte Jones (comics),5.79
250,Charon (Marvel Comics),5.516554621848743
251,Chase Stein,5.495775900400186
252,Chemistro,5.410996264009978
253,Cheshire Cat (comics),5.754391025641039
254,Chondu the Mystic,5.824406779661026
255,Chris Bradley,5.546164154103861
256,Ch_od,5.643883495145645
257,Cipher (comics),5.776050420168077
258,Citizen V,5.4937192118226585
259,Claire Temple,5.600800233644857
260,Clay Quartermain,5.465406871609407
261,Clea,5.671517205422341
262,Clive Reston,5.6078306878306945
263,Cloak and Dagger (comics),5.2316666666666665
264,Cloud 9 (comics),5.6580566037735895
265,Coachwhip (comics),5.486
266,Coal Tiger,5.7613522012578695
267,Cobalt Man,4.69
268,Cobra (Marvel Comics),5.558956250000024
269,Cockroach Hamilton,5.473010033444827
270,Coldblood,5.571542649727783
271,Collective Man,5.636322869955172
272,Collector (comics),5.351666666666667
273,Colleen Wing,5.607734706238642
274,Colossus (comics),5.465999999999999
275,Comanche (comics),5.425000000000021
276,Comet Man,5.647383512544805
277,Commander Kraken,5.616329966329975
278,Conan (Marvel Comics),5.844285714285715
279,Condor (comics),5.5471038251366185
280,Conquest (comics),4.66
281,Constrictor (comics),5.465999999999999
282,Contemplator (Marvel Comics),5.746
283,Controller (Marvel Comics),5.519934853420201
284,Copperhead (Marvel Comics),5.666095380029825
285,Corruptor (comics),5.283333333333334
286,Corsair (comics),5.5145183486238505
287,Corvus Glaive,5.660268456375849
288,Cosmo the Spacedog,5.686444212721598
289,Cottonmouth (Cornell Cottonmouth),5.266666666666667
290,Cowgirl (comics),5.735714285714287
291,Crime Master,5.358300359712215
292,Crimson Cavalier,5.894285714285714
293,Crimson Commando,5.566374663072788
294,Crimson Curse,4.864000000000001
295,Crimson Dynamo,5.569728283244138
296,Crippler (comics),5.465999999999999
297,Crossbones (comics),5.465999999999999
298,Crossfire (comics),5.2562500000000005
299,Crusader (Marvel Comics),5.590176470588239
300,Crusaders (Marvel Comics),5.845907692307695
301,Crusher (comics),5.584672304439755
302,Crystal (comics),5.6450000000000005
303,Cullen Bloodstone,5.4638095238095294
304,Cyber (Marvel Comics),5.463304410701392
305,Cyclone (Marvel Comics),5.5274174528302025
306,Cyclops (Marvel Comics),5.492798827927595
307,Cypher (comics),5.733750000000001
308,Cyttorak,5.529798488664987
309,Dagger (comics),5.824444444444444
310,Daimon Hellstrom,5.521397357723581
311,Daisy Johnson,5.694684860298877
312,Daken,5.483425648702574
313,Dakimh the Enchanter,5.643252279635264
314,Dakota North (comics),5.4750000000000005
315,Dallas Riordan,5.532507645259942
316,Damage Control (comics),5.449265392781295
317,Damage Control,4.246666666666667
318,Damian Tryp,5.3133333333333335
319,Damon Dran,5.48429963459198
320,Daniel Drumm,5.502337883959047
321,Daniel Whitehall,5.915
322,Danielle Moonstar,5.502348743406732
323,Daredevil (Marvel Comics character),5.594692396676643
324,Dark Beast,5.222244897959164
325,Dark Riders (comics),5.4125000000000005
326,Darkdevil,5.71754237288137
327,Darkhawk,5.513311884935622
328,Darkoth,5.53418128654971
329,Darkstar (Marvel Comics),5.6468645016797465
330,Darren Cross,5.70364157119477
331,Darwin (comics),5.3933333333333335
332,David Griffith (comics),
333,David Moreau,5.635102564102565
334,David North (comics),5.478571428571428
335,Dazzler (Marvel Comics),5.661753718436466
336,Deacon Frost,5.494888628370464
337,Dead Girl,5.774117647058823
338,Deadpool,5.593275908844105
339,Death (Marvel Comics),5.428416087388303
340,Death Adder (comics),4.8116666666666665
341,Death Metal (comics),5.066245733788402
342,Death Squad (comics),5.1066666666666665
343,Death Web (comics),5.663333333333333
344,Deathbird,5.515406626506033
345,Deathlok (Michael Peterson),5.62
346,Deathlok,5.5572428419936255
347,Deathwatch (comics),5.3407929515418555
348,Death_s Head,5.324890083048367
349,Deborah Risman,5.47357142857143
350,Debra Whitman,5.626733668341721
351,Debrii,5.605222405271842
352,Delilah (comics),5.972727272727272
353,Delphi (Pantheon),5.72625
354,Delphyne Gorgon,5.628072916666678
355,Demogoblin,5.461591784338917
356,Demolition Man (comics),5.609137614678899
357,Demon Bear,5.5682407407407535
358,Desak,5.610038461538466
359,Destiny (Irene Adler),5.661399082568801
360,Destroyer (Keen Marlow),5.551666666666667
361,Detroit Steel,5.532620120120095
362,Devastator (comics),5.6244871794871845
363,Devil Dinosaur,5.456366978609619
364,Devil-Slayer (comics),4.895
365,Devos the Devastator,5.579157509157512
366,Dexter Bennett,5.493750000000001
367,Diablo (Marvel Comics),5.612636861313861
368,Diamond Lil (Marvel Comics),5.587777777777778
369,Diamondback (Willis Stryker),5.393762486126536
370,Diamondhead (comics),5.566655052264809
371,Digger (Marvel Comics),5.557880539499041
372,Digitek (comics),5.572155388471177
373,Dinah Soar,5.728576923076931
374,Dino Manelli,5.02125
375,Dionysus (Marvel Comics),6.113333333333333
376,Dirk Anger,5.4725
377,Dirtnap (comics),5.122999999999999
378,Dmitri Bukharin,5.578
379,Doc Samson,5.558177570093479
380,Doctor Bong,5.623708513708527
381,Doctor Demonicus,5.517950819672138
382,Doctor Doom,5.411396551724123
383,Doctor Druid,5.610936026936019
384,Doctor Faustus (comics),5.619881703470054
385,Doctor Minerva,5.749927623642948
386,Doctor Nemesis,5.4242704826038235
387,Doctor Octopus,5.504163211649165
388,Doctor Spectrum,5.7243230403800665
389,Doctor Strange,5.615340545482159
390,Dominic Fortune,5.674259102455548
391,Domino (comics),5.465999999999999
392,Don Fortunato,5.449358974358975
393,Donald Pierce,5.5302591549295625
394,Donald _ Deborah Ritter,5.768475609756102
395,Doom 2099,5.422588679245275
396,Doop (comics),5.465999999999999
397,Doorman (comics),5.704628297362111
398,Dorma (comics),5.686098562628343
399,Dormammu,5.587027681660897
400,Doughboy (comics),5.465999999999999
401,DP 7,5.614118086696576
402,Dracula (Marvel Comics),5.548360254527653
403,Dragon Lord (comics),5.753676731793961
404,Dragon Man (comics),5.567142857142857
405,Drax the Destroyer,5.748514421177341
406,Dreadknight,5.552467532467547
407,Dreadnought (comics),5.628092909535459
408,Dredmund Druid,5.78
409,Druig,5.809600000000007
410,Dryad (comics),5.849377162629759
411,Dum-Dum Dugan,5.236
412,Dusk (comics),5.4905390070922175
413,Dust (comics),5.155
414,Dweller-in-Darkness,5.351509433962275
415,D_Ken,5.116
416,D_Spayre,5.432734839476822
417,Earth Force (Marvel Comics),5.728
418,Ebon Samurai,5.595487465181064
419,Ebony Maw,5.649124854142373
420,Echo (Marvel Comics),5.727642474427672
421,Ectokid,5.708297872340435
422,Edwin Cord,5.422754880694152
423,Edwin Jarvis,5.5733149552033
424,Eel (comics),5.540048367593723
425,Egghead (Marvel Comics),5.596597701149429
426,Ego the Living Planet,5.6297399895995905
427,Eitri (comics),5.465999999999999
428,El Aguila,5.6417777777777856
429,Elders of the Universe,5.804083094555885
430,Electro (Marvel Comics),5.542771389922181
431,Elias Bogan,5.649292929292935
432,Elixir (comics),5.465999999999999
433,Elloe Kaifi,5.504990654205618
434,Elsa Bloodstone,5.572550269740098
435,Elsie-Dee,5.563427331887202
436,Elysius (comics),4.9275
437,Emma Frost,5.6103641392024155
438,Emma Steed,6.37
439,Empath (comics),5.544556135770239
440,Enchanters Three,5.676229508196725
441,Enchantress (Marvel Comics),5.686991747936961
442,Enclave (comics),5.563752860411892
443,Enforcer (comics),5.35646074646075
444,Ent (comics),5.779000000000001
445,Equinox (comics),5.688045977011507
446,Ereshkigal (Marvel Comics),5.723389830508479
447,Erg (comics),5.687925531914914
448,Eric Koenig,5.4507336343115265
449,Eric O_Grady,5.557189638318654
450,Eric the Red (comics),5.446
451,Erik Josten,5.599694019471478
452,Erik Killmonger,5.558827821011689
453,Erik Selvig,5.664425228891156
454,Eternity (comics),5.717065259867121
455,Ethan Edwards,5.701040145985416
456,Evangeline Whedon,5.620229885057477
457,Everyman (Marvel Comics),5.64997518610422
458,Ex Nihilo (comics),5.554949899799599
459,Executioner (comics),5.465999999999999
460,Exodus (comics),5.464371957156759
461,Ezekiel (comics),5.570980163360572
462,F.R.I.D.A.Y.,5.602532679738575
463,Fabian Cortez,5.352766295707475
464,Faiza Hussain,5.620863557858379
465,Falcon (comics),5.7183898473129595
466,Fancy Dan,6.3
467,Fandral,5.7388068605518265
468,Fantastic Force,5.870051546391757
469,Fantomex,5.4058684576192775
470,Farley Stillwell,5.60115830115832
471,Fasaud,5.220000000000001
472,Fatale (Marvel Comics),5.329597615499259
473,Father Time (Marvel Comics),5.777100213219623
474,Felicity Hardy,5.41
475,Femizons,5.785512465373973
476,Fenris (comics),5.512026286966051
477,Fenris Wolf (Marvel Comics),5.822121212121211
478,Fer-de-Lance (comics),5.5566666666666675
479,Feral (comics),5.465999999999999
480,Fin (comics),5.772681992337173
481,Fin Fang Foom,5.613320441988941
482,Finesse (character),5.594954954954962
483,Finn Cooley,5.627000000000001
484,Firebird (Marvel Comics),5.6577060322854695
485,Firebrand (Marvel Comics),5.516733921815897
486,Firelord (comics),5.692482993197297
487,Firepower (comics),5.391686893203891
488,Firestar (Marvel Comics),5.701666666666667
489,Fixer (comics),5.706
490,Fixx (Marvel comics),5.444999999999999
491,Flag-Smasher,5.576422924901197
492,Flash Thompson,5.544351993029808
493,Flashback (comics),5.497134831460668
494,Flatman (comics),5.465999999999999
495,Flex (comics),5.636015831134565
496,Flipside (comics),
497,Flux (comics),5.581250000000001
498,Flying Tiger (Marvel Comics),5.704274509803925
499,Foolkiller,5.458240608654282
500,Forbush Man,5.641472019464724
501,Force (comics),5.526055045871572
502,Forearm (comics),5.421202872531426
503,Foreigner (comics),5.465999999999999
504,Forge (comics),5.465999999999999
505,Forgotten One (comics),5.130000000000001
506,Foxbat (comics),5.195833333333334
507,Foxfire (comics),4.6066666666666665
508,Frankenstein_s Monster (Marvel Comics),5.454916714531871
509,Franklin Richards (Fantastic Four),5.3549999999999995
510,Franklin Storm,5.493628922237378
511,Freak (Marvel Comics),5.847499999999997
512,Freakshow (comics),5.605797101449284
513,Frederick Foswell,5.520000000000013
514,Free Spirit (comics),6.217419354838707
515,Freedom Ring,5.65740880503144
516,Frenchie (comics),5.795078534031419
517,Frenzy (comics),5.748333333333334
518,Freya (comics),5.465999999999999
519,Friction (comics),5.59
520,Friedrich Von Roehm,5.206666666666667
521,Frigga (Marvel Comics),5.755
522,Frog-Man,5.627789855072444
523,Fury (Marvel Comics),5.4049489216799165
524,Fusion (Marvel Comics),4.5200000000000005
525,Futurist (comics),5.72147982062781
526,G. W. Bridge,5.42351540616248
527,Gabe Jones,5.524931129476602
528,Gabriel Stacy and Sarah Stacy,5.553935986159156
529,Galactus,5.75964033539276
530,Gambit (Marvel Comics),5.585920473516417
531,Gamesmaster (comics),5.695285359801495
532,Gamma Corps,5.356620305980529
533,Gamora,5.632002374356911
534,Gardener (comics),6.366666666666667
535,Gargantua (comics),5.547441860465122
536,Gargoyle (comics),5.700725806451621
537,Garokk,5.544811463046764
538,Garrison Kane,5.4158659924146795
539,Gatecrasher (Marvel Comics),5.725555555555556
540,Gateway (comics),5.58701822916668
541,Gauntlet (comics),5.67
542,Gavel (comics),5.7
543,Geiger (comics),6.52
544,Gemini (Marvel Comics),5.565073529411774
545,Gene Nation,5.652
546,Genesis (Marvel Comics),5.619202334630359
547,Genis-Vell,5.723942857142875
548,Gentle (comics),5.8549999999999995
549,George Howe (comics),5.745000000000001
550,George Stacy,5.559374682257233
551,Gertrude Yorkes,5.5679674796747936
552,Ghaur,5.7047422680412465
553,Ghost (Marvel Comics),5.405275843599352
554,Ghost Rider 2099,5.456841269841262
555,Ghost Rider,5.432264150943405
556,Giant-Man,5.722921568627459
557,Gibbon (comics),5.465999999999999
558,Gibborim (comics),5.7540000000000004
559,Gideon (comics),5.45237218813907
560,Gideon Mace,5.479492063492071
561,Giganto,5.520409482758618
562,Gigantus,5.676
563,Gladiator (Melvin Potter),5.5212445730825035
564,Gladiatrix (comics),5.6403341288782896
565,Glenn Talbot,5.517949052906599
566,Glob (comics),5.642527472527488
567,Glorian,5.743974630021146
568,Glory Grant,5.701672794117661
569,Goddess (comics),5.663846153846153
570,"Godzilla, King of the Monsters (comic book)",5.648141674333037
571,GoGo Tomago,5.84879712746859
572,Golem (comics),5.578045375218168
573,Goliath (Marvel Comics),5.4433827160493875
574,Goom,5.538165137614689
575,Gorgilla,5.27
576,Gorgolla,5.27
577,Gorgon (Inhuman),5.720513489991303
578,Gorilla Girl,5.668101265822794
579,Gorilla-Man,5.610464426877469
580,Gorr the God Butcher,5.7283812405446435
581,Gorr the Golden Gorilla,5.901777003484331
582,Grand Director,5.570000000000001
583,Grant Ward (Marvel Cinematic Universe),5.570813226094748
584,Grasshopper (comics),5.676541554959794
585,Graviton (comics),5.5563384267119424
586,Gravity (comics),5.528333333333333
587,Graydon Creed,5.426573957016447
588,Graymalkin,5.593024963289301
589,Green Goblin,5.588027108433735
590,Gregory Herd,5.470928792569661
591,Grey Gargoyle,5.527366638442013
592,Griffin (Marvel Comics),5.3760189075630285
593,Grim Hunter,5.065
594,Grim Reaper (comics),5.706
595,Grindhouse (comics),6.83
596,Grizzly (comics),5.48259740259741
597,Grog (Marvel Comics),5.584983818770232
598,Groot,5.709346618752051
599,Guardian (Marvel Comics),5.561286127167641
600,Guardsman (comics),5.454709433962266
601,Gwen Stacy,5.5290386624869265
602,Gwenpool,5.750839248434203
603,H.E.R.B.I.E.,5.580575194727387
604,Hala the Accuser,5.558595890410963
605,Hammerhead (comics),5.450466165413524
606,Hannibal King,5.582647783251236
607,Happy Hogan (comics),5.9383333333333335
608,Happy Sam Sawyer,5.53802259887006
609,Hardball (comics),6.52
610,Harold Meachum,5.489414893617029
611,Harrier (comics),5.952
612,Harry Leland,5.561235392320546
613,Harry Osborn,5.523492023928184
614,Hate-Monger,5.330343137254921
615,Hauptmann Deutschland,5.6300687285223425
616,Havok (comics),5.52207541654481
617,Hawkeye (Clint Barton),5.61039546137156
618,Haywire (comics),5.465999999999999
619,Headlok,5.606163265306124
620,Headsman (comics),5.5275075987842
621,Hebe (Marvel Comics),6.88
622,Hecate (Marvel Comics),5.777728706624613
623,Hector (Pantheon),5.733750000000001
624,Heimdall (comics),5.465999999999999
625,Hela (comics),5.465999999999999
626,Helix (Marvel Comics),5.60949367088608
627,Hellcow,5.722684426229514
628,Hellfire (J.T. Slade),5.18
629,Hellfire Club (comics),5.57506490441343
630,Hellion (comics),5.58375
631,Hellions (comics),6.055
632,Hellrazor,
633,Helmut Zemo,5.604003372681265
634,Henrietta Hunter,4.92
635,Henry Peter Gyrich,5.463258232235718
636,Henry Pym,5.57
637,Henry Russo,5.613000000000001
638,Hepzibah (comics),5.548331744518592
639,Hercules (Marvel Comics),5.654516386890418
640,Hermes (Marvel Comics),5.70446043165468
641,Hermod (comics),5.9799999999999995
642,Hex (Marvel Comics),
643,High Evolutionary,5.717038435140663
644,Hijacker (comics),5.462358974358983
645,Hindsight (comics),5.6923028391167225
646,Hiro Takachiho,5.8828455284553005
647,Hiro-Kala,5.579148112294287
648,Hiroim,5.4683535528596305
649,Hit-Monkey,5.564534450651769
650,Hitman (Marvel Comics),5.350955188679246
651,Hobgoblin (comics),5.520256410256399
652,Hogun,5.704742358078614
653,Holden Radcliffe,5.554776785714295
654,Holocaust (Marvel Comics),5.232665289256191
655,Honey Lemon,5.955457570715483
656,Hood (comics),5.294
657,Hope Pym,5.800085714285732
658,Hope Summers (comics),5.785
659,Hornet (comics),5.578930817610066
660,Howard Stark,5.568849721706848
661,Howard the Duck,5.6243243887894065
662,Hrimhari,5.641979865771812
663,Hugh Jones (comics),5.669935400516805
664,Hugin and Munin (Marvel Comics),5.486
665,Hulk 2099,5.536158301158311
666,Hulk,5.629799182720224
667,Hulkling,5.7789944356120815
668,Human Cannonball (Marvel Comics),5.624382871536538
669,Human Fly (comics),5.688492063492069
670,Human Top (David Mitchell),5.9799999999999995
671,Human Torch (android),5.611247532570085
672,Humbug (comics),5.465999999999999
673,Hummingbird (comics),5.480758974358975
674,Humus Sapien,5.777131782945741
675,Huntsman (Cephalus),6.88
676,Hurricane (comics),5.234880785413743
677,Husk (comics),5.540288935870338
678,Hybrid (Jimmy Marks),5.655917266187057
679,Hydro-Man,5.589856028794232
680,Hyperion (comics),5.73446522501463
681,Hypno-Hustler,5.453374558303902
682,Hypnotia,6.03
683,Iceman (Marvel Comics),5.595553678390318
684,Idunn (comics),5.7540000000000004
685,Ikaris,5.703046206503156
686,Immortus,5.557350119904071
687,Impossible Man,5.599722419928798
688,In-Betweener,5.521926829268301
689,Indra (comics),5.58607929515419
690,Inertia (Marvel Comics),5.711893764434185
691,Inferno (Dante Pertuz),5.674540612516648
692,Ink (comics),5.557133956386288
693,Invisible Woman,5.750055820062287
694,Ion (Marvel Comics),
695,Irene Merryweather,5.508314606741574
696,Iron Cross (Marvel Comics),5.602152588555858
697,Iron Fist (comics),5.210000000000001
698,Iron Lad,5.711548117154822
699,Iron Man 2020,5.611219178082214
700,Iron Man,5.543062919462937
701,Iron Monger,5.550210796915171
702,Iron Patriot,5.609380022962122
703,Ironclad (comics),5.748484848484848
704,ISAAC (comics),5.46
705,Isaiah Bradley,5.725835037491493
706,Isbisa,5.522488479262679
707,Ismael Ortega,5.029999999999999
708,It! The Living Colossus,5.603016759776539
709,J. Jonah Jameson,5.496859852476284
710,J.A.R.V.I.S.,5.59523483365949
711,J2 (comics),5.33
712,Jack Flag,5.665007680491556
713,Jack Frost (Marvel Comics),5.6792924528301905
714,Jack Murdock (comics),5.471666666666668
715,Jack of Hearts (Marvel Comics),5.612508741258743
716,Jack O_Lantern (Marvel Comics),5.434540210383431
717,Jack Power (Marvel Comics),5.730425531914899
718,Jackal (Marvel Comics character),5.507731376975159
719,Jackal (Marvel Comics),5.765
720,Jackhammer (comics),5.7248863636363705
721,Jackpot (Marvel Comics),6.055
722,Jacob Shaw (comics),5.43
723,Jake Fury,5.091333333333333
724,Jamie Braddock,5.497107601184613
725,Jamie Madrox,5.520925737538149
726,Jane Foster (comics),5.378333333333334
727,Jann of the Jungle,6.103823529411763
728,Janus (Marvel Comics),5.61587234042553
729,Jarella,5.640074626865679
730,Jason Macendale,5.449286798179049
731,Jasper Sitwell,5.4792635024550025
732,Jazinda,5.507557522123899
733,Jean DeWolff,5.48571542130363
734,Jean Grey,5.622447069513748
735,Jebediah Guthrie,6.88
736,Jeffrey Garrett,5.53375
737,Jemma Simmons,5.556126560726413
738,Jen Cooke,5.906666666666667
739,Jennifer Kale,5.608491686460815
740,Jenny Swensen,6.2
741,Jerry Jaxon,5.629934354485778
742,Jeryn Hogarth,5.4125
743,Jessan Hoan,
744,Jessica Jones,5.775901386748771
745,Jester (Marvel Comics),5.485700431034481
746,Jetstream (comics),5.779223744292237
747,Jigsaw (Marvel Comics),5.586122576610313
748,Jim Morita,4.723333333333334
749,Jim Wilson (comics),5.6036200716846
750,Jimmy Hudson,5.533131313131302
751,Jimmy Woo,5.633131132917043
752,Jimmy-6,5.433468208092496
753,Joan (comics),5.800000000000001
754,Jocasta (comics),5.613776387802983
755,John Garrett (comics),5.316666666666677
756,John Jameson (comics),5.401666666666667
757,John Ryker,5.494972677595633
758,John the Skrull,5.70878787878788
759,Johnny Dee,5.5335000000000045
760,Jolen (comics),5.4125
761,Jonas Harrow,5.441602316602333
762,Jubilee (comics),5.706
763,Judas Traveller,5.454000000000001
764,Jude the Entropic Man,6.305000000000001
765,Juggernaut (comics),5.465999999999999
766,Julie Power,5.650991976659373
767,June Covington,5.567215909090913
768,Junior Juniper,5.4915332771693475
769,Junta (comics),5.77125
770,Junzo Muto,5.793000000000001
771,Justice (New Universe),5.647786509495719
772,Justin Hammer,5.440885311871244
773,Juston Seyfert,5.521938775510206
774,J_son (character),5.719364675984751
775,Ka-Zar (David Rand),5.676388443017661
776,Kaecilius,5.624698795180732
777,Kaine Parker,5.3901904499033755
778,Kala (comics),5.741120162932806
779,Kaluu,5.6112869198312305
780,Kamala Khan,5.761358406136669
781,Kamikaze (comics),6.82
782,Kang the Conqueror,5.632729044834317
783,Kangaroo (comics),5.458711419753074
784,Karen Page,5.477902930402919
785,Karima Shapandar,5.545112781954898
786,Karkas (comics),5.696641509433969
787,Karl Malus,5.610726744186052
788,Karla Sofen,5.561177884615347
789,Karma (comics),5.591666666666668
790,Karnak (comics),5.660290836653395
791,Karolina Dean,5.775713235294105
792,Karthon the Quester,5.516766169154227
793,Katie Power,5.701101851851841
794,Kavita Rao,5.600426929392461
795,Kenny McFarlane,5.688954041204442
796,Kestrel (Marvel Comics),5.401416596814754
797,Kevin Sydney,5.516162011173176
798,Khonshu (Marvel Comics),5.789546539379484
799,KIA (comics),5.622727272727274
800,Kiber the Cruel,5.65
801,Kid Cassidy,
802,Kid Colt,5.877050632911404
803,Kid Kaiju,5.928333333333334
804,Kid Omega,5.748333333333334
805,Kiden Nixon,5.6240000000000006
806,Killer Shrike,5.363003575685346
807,Killpower,5.553137254901968
808,Killraven,5.720895915678523
809,Kimura (comics),5.3933333333333335
810,King Bedlam,6.88
811,Kingmaker (comics),5.56146907216496
812,Kingpin (comics),5.351666666666667
813,Kismet (Marvel Comics),5.883859111791737
814,Kitty Pryde,5.67883588729604
815,Kiwi Black,5.7355384615384715
816,Klaatu (comics),5.634509803921571
817,Klara Prast,5.689927884615372
818,Klaw (Marvel Comics),5.465999999999999
819,Kleinstocks,5.692
820,Knull (comics),5.465999999999999
821,Komodo (comics),5.588188622754497
822,Korath the Pursuer,5.7613188220230604
823,Korg (comics),5.3933333333333335
824,Korrek,5.58
825,Korvac,5.70996153846154
826,Korvus (comics),4.9275
827,Kraglin,5.866946308724845
828,Krakoa,5.682128146453091
829,Krang (Marvel Comics),5.574083333333342
830,Kraven the Hunter,5.447744077530501
831,Kristoff Vernard,5.514558680892335
832,Kro (comics),5.465999999999999
833,Krystalin,5.43
834,Kulan Gath,5.638360189573465
835,Kull (comics),5.754444444444443
836,Kwannon (character),5.612993899577648
837,Kylun,5.626250000000001
838,La Lunatica,5.43
839,Lacuna (comics),4.92
840,Lady Bullseye,5.613672014260257
841,Lady Deathstrike,5.5263546025104775
842,Lady Dorma,5.733750000000001
843,Lady Grey (comics),5.753000000000001
844,Lady Lotus,5.788185255198494
845,Lady Mastermind,5.466480620155047
846,Lady Octopus,5.565773195876298
847,Lamprey (comics),4.6066666666666665
848,Laufey (comics),5.465999999999999
849,Layla Miller,5.519301659988569
850,Leader (comics),5.618333333333333
851,Lee Forrester,5.590082987551872
852,Leech (comics),5.465999999999999
853,Left-Winger (comics),5.609738903394259
854,Lei Kung (comics),5.468333333333334
855,Leila Davis,5.9
856,Leir (Marvel Comics),5.821220657277
857,Leo (comics),5.577462686567172
858,Leo Fitz,5.545990163934411
859,Leper Queen,5.36193277310925
860,Letha (comics),5.465999999999999
861,Libra (Marvel Comics),5.5627191011236
862,Lifeform (comics),6.82
863,Lifeguard (comics),5.657306163021883
864,Lightmaster,5.530017793594327
865,Lilith (Marvel Comics),5.510154772141012
866,Lin Lie,5.261974522293005
867,Lionheart (comics),5.706
868,List of Eternals,5.659551820728291
869,Litterbug (comics),6.88
870,Living Brain,5.754574669187155
871,Living Laser,5.602289962825298
872,Living Lightning,5.628725099601594
873,Living Monolith,5.788562340966913
874,Living Tribunal,5.687476510067117
875,Liz Allan,5.639838709677418
876,Lizard (comics),5.435714285714285
877,Lloyd Bloch,5.625501432664766
878,Llyra,5.667903726708089
879,Loa (comics),5.6249735449735505
880,Lobo Brothers,4.710000000000001
881,Lockheed (comics),5.465999999999999
882,Lockjaw (comics),5.465999999999999
883,Locus (comics),5.5416009852216845
884,Locust (comics),5.906666666666667
885,Lodestone (comics),2.44
886,Lois London,5.83
887,Loki (Marvel Comics),5.624912255671155
888,Longshot (Marvel Comics),5.640095669687806
889,Lord Chaos (Marvel Comics),5.48511520737328
890,Lord Dark Wind,5.539534246575343
891,Lorelei (Mutate),5.568523985239858
892,Lorelei Travis,5.477120822622115
893,Lorna the Jungle Girl,5.90896656534955
894,Lotus Shinchuko,5.46875
895,Lucifer (Marvel Comics),5.428266932270916
896,Luke Cage,5.548643969994136
897,Luna Maximoff,5.841428571428572
898,Lunatik,5.65005970149254
899,Lupo (comics),4.745
900,Lurking Unknown,5.371
901,Lyja,5.671956947162408
902,Lynn Michaels,5.246250000000013
903,Ma Gnucci,5.657951030927843
904,Machete (comics),5.725948905109495
905,Machine Man,5.5558060453400175
906,Machine Teen,5.566507317073173
907,Machinesmith,5.6213333333333315
908,Mad Dog (Marvel Comics),5.4801016260162685
909,Mad Dog Rassitano,5.736
910,Mad Thinker,5.536828571428572
911,Madame Hydra,5.7118790218790325
912,Madame Masque,5.5441865284974
913,Madame Web,5.669104258443478
914,Madcap (comics),5.610466497031377
915,Madelyne Pryor,5.496745782098887
916,Madman (Marvel Comics),5.578013816925738
917,Maelstrom (comics),5.650087527352304
918,Maestro (comics),5.3933333333333335
919,Maggie Murdock,5.624473988439322
920,Maggott,5.532010723860603
921,Magician (comics),5.793333333333333
922,Magik (comics),5.545391304347835
923,Magique,6.04
924,Magma (Jonathan Darque),5.543293051359518
925,Magneto (Marvel Comics),5.523835698282247
926,Mahkizmo,5.677165605095545
927,Mahr Vehl,5.711994981179428
928,Major Mapleleaf,5.727784810126583
929,Maker (Reed Richards),5.654185750636134
930,Makkari (comics),5.783577512776838
931,Malcolm Colcord,5.421253443526185
932,Malekith the Accursed,5.496179372197324
933,Malice (comics),5.465999999999999
934,Mammomax,5.501666666666668
935,Man Mountain Marko,5.542707340324101
936,Man-Ape,5.683255813953502
937,Man-Beast,5.546756756756773
938,Man-Bull,5.512567237163821
939,Man-Elephant,5.677906976744196
940,Man-Killer,5.563608445297516
941,Man-Thing,5.568365155131282
942,Mandarin (comics),5.3933333333333335
943,Mandrill (comics),5.498051801801819
944,Mangog,5.7703456790123555
945,Manifold (comics),5.857142857142857
946,Manikin (comics),5.726666666666667
947,Manphibian,5.281305732484089
948,Mantis (Marvel Comics),5.764028301886805
949,Marauders (comics),5.496989795918347
950,Marco Delgado (comics),5.992
951,Margaret Slade (Marvel Comics),
952,Maria Hill,5.573518094365554
953,Maria Stark,5.645663865546231
954,Mariko Yashida,5.567563025210098
955,Mark Hazzard_ Merc,5.626666666666675
956,Marlo Chandler,5.629092009685237
957,Marrina Smallwood,5.594992526158446
958,Marrow (comics),5.465999999999999
959,Martha Connors,5.634236641221396
960,Martin Soap,5.619618684461392
961,Martinex,5.735089877010413
962,Marvel Boy (Robert Grayson),5.769417670682746
963,Marvelman,5.465999999999999
964,Mary Jane Watson,5.617714204383577
965,Masked Marauder,5.358096774193556
966,Masked Raider,5.812173913043484
967,Masque (comics),5.5458528037383195
968,Massacre (Marvel Comics),5.392789473684222
969,Master Izo,5.701148648648654
970,Master Khan,5.470511508951416
971,Master Man (Marvel Comics),5.710551839464886
972,Master Menace,5.675010020040078
973,Master Mold,5.484200819672137
974,Master of the World (comics),5.568894952251024
975,Master Pandemonium,5.512762951334376
976,Mastermind (Jason Wyngarde),5.620621799561092
977,Matador (Marvel Comics),5.439795918367351
978,Match (Marvel Comics),5.641000000000001
979,Mathemanic,5.66
980,Matsu_o Tsurayaba,5.526713426853712
981,Matthew Risman,5.497328767123296
982,Mauler (comics),5.497237687366177
983,Max Modell,5.541544186046496
984,Maximus (comics),5.563399374348279
985,Maximus Lobo,5.683238866396769
986,Maya Hansen,5.5546323529411845
987,Mayhem (comics),5.392404907975472
988,Meanstreak (comics),5.465999999999999
989,Medusa (comics),5.672759657645128
990,Meggan (character),5.648938172043008
991,Melinda May,5.515663948747763
992,Melter,5.499571537872997
993,Menace (Marvel Comics),6.04
994,Mendel Stromm,5.505313351498652
995,Mentallo,5.497615230460936
996,Mentor (A_lars),5.777549504950498
997,Mephisto (comics),6.055
998,Mercurio the 4-D Man,5.649637223974764
999,Mercury (Marvel Comics),5.505153181461119
1000,Merlin (Marvel Comics),5.955
1001,Merlyn (Marvel Comics),6.88
1002,Mesmero,5.514977457168623
1003,Metal Master (comics),5.672991202346056
1004,Metalhead (comics),5.465999999999999
1005,Mettle (comics),5.465999999999999
1006,Michael Van Patrick,5.659745158002025
1007,Mickey Fondozzi,5.56995336442371
1008,Microchip (comics),5.512851711026613
1009,Micromax,5.558609865470861
1010,Midas (comics),5.628134328358221
1011,Midgard Serpent (comics),5.702500000000001
1012,Midnight Sun (Marvel Comics),5.562201257861635
1013,Midnight_s Fire,5.732816901408457
1014,Miek,5.520204313280373
1015,Mike Asher,5.77909090909091
1016,Mike Murdock,5.775889101338437
1017,Mikel Fury,5.13
1018,Mikhail Rasputin,5.505843270868835
1019,Milan (comics),5.595725806451624
1020,Millie the Model,5.850725730442977
1021,Mimic (comics),5.573229100191449
1022,Mind-Wave,5.593706896551741
1023,Mindless Ones,5.504613686534219
1024,Minotaur (comics),5.44507414571245
1025,Miracle Man,5.730729166666666
1026,Mirage (Marvel Comics),5.604315286624222
1027,Miriam Sharpe,5.3847667638484085
1028,Miss America (Madeline Joyce),5.7437307032590175
1029,Miss Arrow,5.46805270863837
1030,Missing Link (comics),5.381676190476193
1031,Mister Fantastic,5.382
1032,Mister Fear,5.298390804597719
1033,Mister Hyde (comics),5.7299999999999995
1034,Mister Immortal,5.588333333333334
1035,Mister Jip,5.497338235294127
1036,Mister M (comics),5.461666666666667
1037,Mister Negative,5.35820860142226
1038,Mister Sensitive,5.568333333333334
1039,Mister Sinister,5.5799904232904876
1040,Mister X (Marvel Comics),5.289946666666676
1041,Misty Knight,5.62918619791663
1042,MJ (Marvel Cinematic Universe),5.772344615384605
1043,Mockingbird (Marvel Comics),5.620576614198459
1044,MODAM,5.43
1045,MODOK,5.639684509955977
1046,Modred the Mystic,5.532871572871582
1047,Modular Man,5.494131147540985
1048,Moira MacTaggart,5.78
1049,Mojo (comics),5.566816277678035
1050,Mole Man,5.6039250744997915
1051,Molecule Man,5.49209486166006
1052,Molly Hayes,5.654082636497794
1053,Molly von Richthofen,5.710000000000001
1054,Molten Man,5.576389593908613
1055,Mongoose (comics),5.63193548387098
1056,Monica Rappaccini,5.5853966597077385
1057,Monsteroso,5.7426984126984175
1058,Montana (comics),5.461666666666667
1059,Moon Girl (Marvel Comics),5.578810429114606
1060,Moon Knight,5.742109065011539
1061,Moon-Boy,5.525636792452835
1062,Moondragon,5.655196261682236
1063,Moonglow (comics),5.777938144329902
1064,MOR103,5.4125
1065,"Morbius, the Living Vampire",5.446147064340612
1066,Mordred (comics),5.561318897637805
1067,Morgan le Fay (Marvel Comics),5.595285714285698
1068,Morgan Stark,5.557151029748291
1069,Morlun,5.460655105973011
1070,Morning Star (comics),5.808996282527887
1071,Morph (comics),5.67125
1072,Morpheus (Marvel Comics),5.7551394422310755
1073,Morrat,5.538000000000001
1074,Mother Night (comics),5.89
1075,Motormouth (comics),5.44902106567535
1076,Mountjoy (comics),5.4749612403100825
1077,Mr. Fish,5.514234234234245
1078,Ms. Marvel,5.756630602782083
1079,Murmur (Marvel Comics),5.582409836065581
1080,Mutant Liberation Front,5.4125000000000005
1081,Mysterio,5.483809891808291
1082,Mystique (comics),5.465999999999999
1083,Naga (Marvel Comics),5.737902298850576
1084,Nahrees (comics),5.283333333333334
1085,Namor the Sub-Mariner,5.2475000000000005
1086,Namora,5.685614035087721
1087,Namorita,5.592931885488655
1088,Nancy Lu,5.602727272727273
1089,Nate Grey,5.477876262626161
1090,Nathaniel Bumpo,5.906666666666667
1091,Nathaniel Richards (Marvel Comics),5.816666666666682
1092,Native (comics),5.558333333333334
1093,Nebula (comics),5.465999999999999
1094,Ned Leeds,5.6062531860662865
1095,NFL SuperPro,5.603950381679397
1096,Nicholas Scratch,5.549254032258064
1097,Nick Fury Jr.,5.39280127693538
1098,Nick Fury,5.412745792736835
1099,Nico Minoru,5.575499104744841
1100,Nicodemus West,5.513257142857132
1101,Night Nurse (comics),5.721468129571563
1102,Night Thrasher (Dwayne Taylor),5.622877563704171
1103,Nightcrawler (comics),5.465999999999999
1104,Nighthawk (Marvel Comics),5.640840118430771
1105,Nightmare (Marvel Comics),5.316515495086935
1106,Nightmask,5.760379581151833
1107,Nightshade (Marvel Comics),5.41
1108,Nightside (comics),5.735
1109,Nightwatch (comics),5.5888599752168515
1110,Nikki (comics),5.77232848232849
1111,Nimrod (comics),5.592064570943088
1112,Nitro (comics),5.391401985111673
1113,No-Name,5.673333333333333
1114,Noble Kale,5.573333333333333
1115,Nocturne (Talia Wagner),5.745937794533449
1116,Nomad (comics),5.838863287250397
1117,Norman Osborn,5.556913267613189
1118,Normie Osborn,5.516317539484614
1119,Northstar (Marvel Comics),5.078
1120,Nova (Frankie Raye),5.702383444338731
1121,Nth Man,5.690930232558145
1122,Nuke (Marvel Comics),5.506764061358683
1123,Nuklo,5.574776785714293
1124,N_astirh,5.560000000000007
1125,N_Garai,5.747999999999999
1126,"N_Kantu, the Living Mummy",5.5103436426117
1127,Obituary (comics),5.5649999999999995
1128,Obliterator (comics),6.024285714285715
1129,Obnoxio the Clown,5.5734987593052185
1130,Occulus,5.639337231968817
1131,Ocean (Marvel Comics),5.5649999999999995
1132,Ocelot (comics),5.5649999999999995
1133,Oddball (comics),5.465999999999999
1134,Odin (comics),5.793333333333333
1135,Ogre (Marvel Comics),5.525928571428575
1136,Ogress (comics),5.658571428571429
1137,Old Lace (comics),5.496789524733261
1138,Old Man Logan,5.399302402105917
1139,Omega (Marvel Comics),6.04
1140,Omega Red,5.370368188512521
1141,Omega the Unknown,5.640865102639307
1142,Onyxx,5.651740506329123
1143,Ooze (comics),5.5649999999999995
1144,Optoman,5.5649999999999995
1145,Oracle (Marvel Comics),6.04
1146,Orator (comics),5.5600000000000005
1147,Orb (comics),5.487999999999992
1148,Orbit (comics),5.5649999999999995
1149,Orchid (comics),5.5649999999999995
1150,Ord (comics),5.509884057971018
1151,Orka (comics),5.660888501742171
1152,Orphan (Marvel Comics),5.11625
1153,Orphan-Maker,5.478776119402993
1154,Orrgo,5.510949263502459
1155,Oshtur,5.838666666666667
1156,Osiris (Marvel Comics),
1157,Otomo (comics),6.04
1158,Outlaw (comics),5.438591836734709
1159,Outlaw Kid,5.513025404157069
1160,Overdrive (comics),5.465999999999999
1161,Overkill (comics),5.5649999999999995
1162,Overmind (comics),5.678318425760294
1163,Owl (Marvel Comics),5.484125925925929
1164,Ox (comics),5.4653512396694195
1165,Oya (comics),5.66535714285716
1166,Ozone (comics),5.5649999999999995
1167,Paladin (comics),5.572485265225939
1168,Pandemic (comics),5.593333333333334
1169,Paradigm (comics character),6.88
1170,Paris (Marvel Comics),6.88
1171,Pasco (comics),5.613333333333333
1172,Patriot (comics),5.71859806629836
1173,Patsy Walker,5.764123549702035
1174,Paul Budiansky,5.790000000000001
1175,Paulie Provenzano,6.04
1176,Peepers (Marvel Comics),5.4419257950530096
1177,Peggy Carter,5.700305263157901
1178,Penance (X-Men),6.88
1179,Peni Parker,5.513416770963722
1180,Pepper Potts,5.671765143069475
1181,Peregrine (comics),5.649926108374388
1182,Persuasion (comics),5.607719546742211
1183,Perun (comics),5.6879383886256045
1184,Pestilence (comics),5.492640000000002
1185,Pete Wisdom,5.651192739844439
1186,Peter Corbeau,5.585992578849739
1187,Petra Laskov,5.774444444444445
1188,Phantazia,5.533115124153511
1189,Phantom Eagle,5.715127272727279
1190,Phantom Reporter,5.70042042042043
1191,Phantom Rider,5.520073937153424
1192,Phaser (comics),5.8725000000000005
1193,Phastos,5.874627976190488
1194,Phat (comics),4.92
1195,Phil Coulson,5.591897386253596
1196,Phil Urich,5.536920507682028
1197,Phobos (Marvel Comics),5.535327102803747
1198,Phone Ranger,
1199,Phyla-Vell,5.724033057851239
1200,Piledriver (comics),5.465999999999999
1201,Pink Pearl (comics),4.785
1202,Pinky Pinkerton,5.36313725490197
1203,Pip the Troll,5.632630501535336
1204,Pipeline (comics),5.034166666666667
1205,Piranha (comics),5.68006289308177
1206,Pisces (comics),5.465999999999999
1207,Pixie (X-Men),5.644801012192238
1208,Plantman,5.6208354646206375
1209,Plunderer (comics),5.622986767485827
1210,Pluto (Marvel Comics),5.5662972292191455
1211,Pod (comics),5.61
1212,Polestar (comics),5.52
1213,Porcupine (comics),5.793333333333333
1214,Portal (comics),5.465999999999999
1215,Possessor (comics),5.97875
1216,Postman (comics),6.88
1217,Poundcakes,5.793333333333333
1218,Powderkeg (character),5.545259259259261
1219,Power Broker (character),5.611103710751683
1220,Power Man (Victor Alvarez),5.770261627906981
1221,Power Princess,5.687303102625313
1222,Powerhouse (comics),5.613990929705225
1223,Predator X (Marvel Comics),5.051666666666667
1224,Prester John (comics),5.654434250764535
1225,Pretty Boy (comics),6.88
1226,Pretty Persuasions,5.541428571428571
1227,Preview (comics),5.62875
1228,Pride (comics),5.638095551894552
1229,Primus (Marvel Comics),
1230,Princess Python,5.4836535303776675
1231,Prism (comics),5.465999999999999
1232,Proctor (comics),5.714761904761905
1233,Prodigy (Ritchie Gilmore),5.540118694362024
1234,Professor Power,5.588381502890177
1235,Professor Thornton,5.845
1236,Professor Thorton,5.54495850622408
1237,Professor X,5.531358469642321
1238,Prometheus (Marvel Comics),5.7133004926108475
1239,Proteus (Marvel Comics),5.5924218749999985
1240,Protocide,5.393750000000001
1241,Prowler (Marvel Comics),5.489719988084584
1242,Proxima Midnight,5.673306818181832
1243,Prudence Leighton,5.514
1244,Psi-Hawk,4.0
1245,Psycho-Man,5.471931106471824
1246,Psyklop,5.583779193205952
1247,Puck (Marvel Comics),5.528626790227455
1248,Puff Adder (comics),5.528333333333333
1249,Pulsar (Marvel Comics),5.795
1250,Pulse (Augustus),5.700129533678765
1251,Puma (comics),5.465999999999999
1252,Punchout (comics),5.034166666666667
1253,Punisher 2099,5.366155440414512
1254,Punisher,5.412259078761161
1255,Puppet Master (Marvel Comics),5.6169036845507305
1256,Purple Man,5.608571428571432
1257,Pyre (comics),5.384
1258,Pyro (Marvel Comics),5.531909146715774
1259,Quasar (comics),5.725119999999998
1260,Quicksilver (comics),5.706
1261,Raa of the Caves,5.9799999999999995
1262,Radioactive Man (comics),5.4970536370315894
1263,Radius (comics),5.621675257731966
1264,Rage (comics),5.364290484140245
1265,Ragnarok (comics),5.461868811881203
1266,Raiders (comics),5.592114695340501
1267,Rakkus,5.7250000000000005
1268,Rampage (Marvel Comics),5.400031152647986
1269,Randall Shire,6.04
1270,Random (comics),5.466618421052641
1271,Randy O_Brien,5.59
1272,Randy Robertson,5.624518241347057
1273,Rattler (comics),5.465999999999999
1274,Ravage (Marvel Comics),5.625258620689668
1275,Ravage 2099,5.623325688073405
1276,Ravonna,5.633074712643682
1277,Rawhide Kid,5.71120058565154
1278,Raza Longknife,5.55658119658121
1279,Razor Fist,5.372964135021102
1280,Razorback (comics),5.465999999999999
1281,Rebecca Banner,5.446056971514245
1282,Rebel Ralston,4.57
1283,Recorder 451,5.5200924214417775
1284,Red Barbarian,5.516262295081975
1285,Red Ghost (character),5.571030303030319
1286,Red Guardian,5.624126884422123
1287,Red Hulk,5.65235294117647
1288,Red Nine,6.52
1289,Red Raven (Marvel Comics),5.650897637795287
1290,Red Ronin,5.522800000000009
1291,Red Shift (comics),5.521666666666667
1292,Red Skull,5.482280185758413
1293,Red Sonja,5.578148079763676
1294,Red Wolf (comics),5.618127506014428
1295,Redneck (comics),5.46913043478261
1296,Redstone (comics),5.660469083155655
1297,Redwing (Marvel Comics),5.8660000000000005
1298,Reignfire,5.6231250000000035
1299,Reptil,5.644280442804435
1300,Reptyl,5.738215488215495
1301,Rev (comics),5.6109715994021006
1302,Revanche (Marvel Comics),5.351666666666667
1303,Rhapsody (comics),5.659154228855721
1304,Rhino (comics),5.3933333333333335
1305,Richard and Mary Parker,5.541797101449255
1306,Richard Fisk,5.550241935483877
1307,Richard Rory,5.545231416549796
1308,Rick Jones (comics),5.416666666666666
1309,Ricochet (comics),5.705031347962398
1310,Rictor,5.640076109936574
1311,Ringer (comics),5.3854722492697125
1312,Ringmaster (comics),5.594272151898737
1313,Ringo Kid,5.790844036697255
1314,Riptide (comics),5.733750000000001
1315,Riri Williams,5.3933333333333335
1316,Risque (comics),5.475303265940911
1317,Robbie Baldwin,5.626065685939065
1318,Robbie Robertson (comics),5.3950000000000005
1319,Robert Kelly (comics),5.4557142857142855
1320,Robert Maverick,5.641686507936522
1321,Rock Python,5.665233415233423
1322,Rocket Raccoon,5.8100968724052064
1323,Rocket Racer,5.6469672131147695
1324,Rocketeers (comics),6.034285714285714
1325,Rockman (comics),5.72435036496351
1326,Rockslide (comics),5.465999999999999
1327,Roderick Kingsley,5.516310139164983
1328,Rodstvow,5.925333333333335
1329,Roger Dooley,5.64200534759358
1330,Rogue (comics),5.793333333333333
1331,Rom (comics),5.6383333333333345
1332,Roma (comics),5.6581403118040186
1333,Romany Wisdom,5.6816666666666675
1334,Romulus (Marvel Comics),5.3180000000000005
1335,Ronan the Accuser,5.753073807380761
1336,Ronin (Marvel Comics),5.637035175879402
1337,Roughouse,5.540399201596817
1338,Royal Roy,5.8891284403669815
1339,Ruby Summers,5.500950704225355
1340,Ruby Thursday,5.67469424460433
1341,Ruckus (comics),5.290833333333334
1342,Rumiko Fujikawa,5.792000000000001
1343,Runner (comics),6.024285714285715
1344,Russian (comics),5.645982986767492
1345,Rusty Collins,5.436971514242891
1346,Sabra (comics),5.75877886095434
1347,Sabretooth (comics),5.465999999999999
1348,Sage (comics),5.706
1349,Sagittarius (comics),5.545766233766241
1350,Saint Sinner (comics),5.574686468646865
1351,Salem_s Seven,5.696214057507985
1352,Sally Floyd (comics),4.736666666666667
1353,Samuel Silke,5.6123183391003515
1354,Sandman (Marvel Comics),5.532653156300924
1355,Sangre (comics),5.703333333333334
1356,Sasquatch (comics),5.632307692307688
1357,Sat-Yr-9,5.776129032258065
1358,Satana (Marvel Comics),5.546841046277678
1359,Satannish,5.5457457212714045
1360,Saturnyne,5.628012295081957
1361,Saul (comics),5.581250000000001
1362,Sauron (comics),5.588428246013665
1363,Scaleface,5.953333333333333
1364,Scalphunter (Marvel Comics),5.534600638977654
1365,Scarecrow (Marvel Comics),5.496116015132409
1366,Scarlet Scarab,5.899636510500813
1367,Scarlet Spider,5.5462373371924985
1368,Scarlet Witch,5.702757009345608
1369,Scientist Supreme,5.78006315789475
1370,Scimitar (Marvel Comics),5.298571428571429
1371,Scorcher (comics),5.465999999999999
1372,Scorpia (comics),5.7250000000000005
1373,Scorpio (Marvel Comics),5.494338028169025
1374,Scorpion (Marvel Comics),5.7540000000000004
1375,Scourge of the Underworld,5.530389830508479
1376,Scramble (comics),5.60889090909092
1377,Scrambler (comics),5.611870748299329
1378,Scream (comics),5.078333333333333
1379,Scribe (comics),6.37
1380,Scuzz (comics),5.59
1381,Seamus Mellencamp,5.5600000000000005
1382,Sebastian Shaw (comics),5.418333333333334
1383,Selene (comics),5.557426335174929
1384,Sentinel (comics),5.614727203357527
1385,Sentry (comics),5.465
1386,Sequoia (comics),6.34
1387,Serafina (Marvel),5.737222222222223
1388,Serpentina (comics),5.49
1389,Sersi,5.685300072306577
1390,Shadow King,5.462050137362638
1391,Shalla-Bal,5.813629441624374
1392,Shaman (comics),5.668659217877089
1393,Shamrock (comics),5.743716049382728
1394,Shang-Chi,5.594742102665215
1395,Shanna the She-Devil,5.552128991859737
1396,Shape (comics),5.6459047619047675
1397,Shaper of Worlds,5.815968992248061
1398,Shard (comics),5.675795148247989
1399,Sharon Carter,5.579716088328097
1400,Sharon Friedlander,5.67714801444044
1401,Shathra,4.996250000000001
1402,Shatter (comics),6.88
1403,Shatterstar,5.60152806226956
1404,She-Hulk,5.662163533617656
1405,Shellshock (Marvel Comics),
1406,Shepard (comics),5.7508866995073955
1407,Shingen Yashida,5.686905311778299
1408,Shinobi Shaw,5.563903394255884
1409,Shiva (Marvel Comics),4.14
1410,Shocker (comics),5.465999999999999
1411,Shockwave (comics),5.521875000000014
1412,Shola Inkosi,6.88
1413,Shooting Star (comics),5.678780053428319
1414,Shortpack,4.14
1415,Shrew (comics),5.9799999999999995
1416,Shriek (comics),5.3933333333333335
1417,Shriker,6.04
1418,Shroud (comics),5.623127753303967
1419,Shuma-Gorath,5.594055944055955
1420,Sidewinder (comics),5.465999999999999
1421,Siege (John Kelly),5.465999999999999
1422,Siena Blaze,5.563625000000008
1423,Sif (comics),5.465999999999999
1424,Sigyn (Marvel Comics),5.857142857142857
1425,Silencer (comics),5.414859967051077
1426,Silhouette (comics),5.615579710144921
1427,Silk (comics),5.654470847623658
1428,Silver Dagger (comics),5.529150684931517
1429,Silver Fox (comics),5.595714285714285
1430,Silver Sable,5.665503541730774
1431,Silver Samurai,5.736685714285738
1432,Silver Surfer,5.780641793929977
1433,Silverclaw,5.682929936305741
1434,Silvermane,5.503468253968248
1435,Sin (Marvel Comics),5.460889987639069
1436,Sin-Eater (comics),4.995
1437,Sirocco (comics),5.9799999999999995
1438,Siryn,5.5055254237288285
1439,Skaar (character),5.720888382687933
1440,Skein (comics),5.605961768219846
1441,Skids (comics),5.465999999999999
1442,Skin (Marvel Comics),5.545008347245415
1443,Skinner (comics),6.04
1444,Skornn,6.04
1445,Skrull Kill Krew,5.423149062191519
1446,Skrullian Skymaster,6.0600000000000005
1447,Skull the Slayer,5.534735449735457
1448,Skullbuster,5.6346875000000125
1449,Skullfire,5.590129390018483
1450,Skyhawk (comics),5.73421052631579
1451,Slab (comics),5.251538461538463
1452,Slapstick (comics),5.676142076502733
1453,Slash (Marvel Comics),4.76
1454,Slaymaster,5.637728285077953
1455,Sleeper (Marvel Comics),5.585833333333343
1456,Sleepwalker (comics),5.462558993183004
1457,Slipstream (comics),5.697038043478273
1458,Slither (comics),5.66
1459,Slug (comics),5.369999999999997
1460,Slyde,5.404141221374057
1461,Smartship Friday,6.01
1462,Smasher (Marvel Comics),5.554194444444453
1463,Smiling Tiger,5.983333333333334
1464,Smuggler (comics),5.576496350364965
1465,Snake Marston (comics),5.713333333333334
1466,Snapdragon (comics),5.0920000000000005
1467,Snowbird (comics),5.465999999999999
1468,Solarman,5.804865900383148
1469,Solo (Marvel Comics),5.4619546742209755
1470,Solomon Kane (comics),5.548385876418666
1471,Solomon O_Sullivan,4.92
1472,Songbird (comics),5.621052083333337
1473,Sons of the Tiger,5.65
1474,Southpaw (comics),5.628355555555561
1475,Spacker Dave,5.755000000000001
1476,Speed (comics),5.6049999999999995
1477,Speed Demon (comics),5.2128571428571435
1478,Spencer Smythe,5.418857142857155
1479,Sphinx (Marvel Comics),5.678006700167519
1480,Spider-Girl (Mayday Parker),5.650707142857088
1481,Spider-Ham,5.534823930329451
1482,Spider-Man (Miles Morales),5.585714285714286
1483,Spider-Man (Pavitr Prabhakar),5.616661129568128
1484,Spider-Man 2099,5.511545790394683
1485,Spider-Man,5.655282516825628
1486,Spider-Punk,5.390898437500024
1487,Spider-Slayer,5.375529237601763
1488,Spider-UK,5.57140486725665
1489,Spider-Woman,5.76380177514796
1490,Spidercide,5.651463414634145
1491,Spike (Marvel Comics),5.577137476459518
1492,Spike Freeman,4.92
1493,Spiral (comics),5.465999999999999
1494,Spirit of _76 (Marvel Comics),5.782715789473688
1495,Spitfire (comics),5.465999999999999
1496,Spoilsport (comics),5.122999999999999
1497,Spoor (comics),5.5600000000000005
1498,Spot (comics),5.46209102091021
1499,Sprite (Eternal),5.7782475660639845
1500,Sprocket (comics),5.603333333333334
1501,Sputnik (comics),5.445
1502,Spyder (comics),5.705
1503,Spyke,5.6150154320987795
1504,Spymaster (comics),5.465999999999999
1505,Spyne,5.4751937984496175
1506,Squid (Marvel Comics),5.4548241206030355
1507,Squidboy,5.585
1508,Squirrel Girl,5.8100884955751795
1509,Stacy X,5.676715976331376
1510,Stained Glass Scarlet,5.4082429501084635
1511,Star Brand,5.7200305543430625
1512,Star Thief,4.9366666666666665
1513,Star-Lord,5.742945559925473
1514,Stardust (Marvel Comics),5.543776091081597
1515,Starfox (comics),5.603085047248471
1516,Starhawk (comics),5.465999999999999
1517,Starlight (Marvel Comics),5.617910447761205
1518,Starr the Slayer,5.620406091370558
1519,Starshine (comics),5.658016032064133
1520,Steel Serpent,5.489298969072175
1521,Steel Spider,5.58028744326779
1522,Steel Wind,4.916666666666667
1523,Steeplejack (Marvel Comics),5.399345454545457
1524,Stegron,5.526996805111829
1525,Stellaris (comics),4.926666666666667
1526,Stepford Cuckoos,5.52180353634579
1527,Steven Lang (comics),5.427142857142856
1528,Stevie Hunter,5.597753846153852
1529,Stick (comics),5.535925058548023
1530,Stiletto (comics),5.375464480874326
1531,Stilt-Man,5.3924182444061906
1532,Stinger (Marvel Comics),3.95
1533,Stingray (comics),5.623834146341477
1534,Stonecutter (comics),5.79
1535,Stonewall (comics),5.392925925925935
1536,Storm (Marvel Comics),5.657393747298565
1537,Stranger (comics),5.63052901023891
1538,Straw Man (comics),5.577114197530874
1539,Stringfellow (comics),4.99
1540,Strobe (comics),5.579020979020988
1541,Strong Guy,5.525349650349666
1542,Strongman (comics),5.414441964285726
1543,Stryfe,5.478692077727957
1544,Stunt-Master (comics),3.95
1545,Styx and Stone,4.6240000000000006
1546,Subterranea (comics),5.57187224669603
1547,Sun Girl (Marvel Comics),5.78667151162792
1548,Sunfire (comics),5.581265219692951
1549,Sunpyre,5.7033000000000085
1550,Sunset Bain,5.615666666666672
1551,Sunspot (comics),5.706
1552,Sunturion,5.6567454545454625
1553,Super Rabbit (comics),6.4239999999999995
1554,Super Sabre (comics),5.517162426614488
1555,Super-Adaptoid,5.714027331189716
1556,Super-Patriot (Marvel Comics),5.501116928446775
1557,Super-Skrull,5.708113006396597
1558,Supergiant (comics),5.758555555555563
1559,Superia,5.698020833333345
1560,Supernova (Marvel Comics),5.577619047619053
1561,Supreme Intelligence,5.756055517477689
1562,Surtur (Marvel Comics),5.465999999999999
1563,Swarm (comics),5.706
1564,Swordsman (comics),5.465999999999999
1565,Sydren,4.82
1566,Synapse (comics),5.83909407665506
1567,Synch (comics),5.585875634517782
1568,T-Ray (comics),5.526063110443272
1569,Tabitha Smith,5.470326278659621
1570,Tadashi Hamada,5.884995715509867
1571,Tag (comics),6.08
1572,Tai (comics),5.70556768558952
1573,Talisman (Alpha Flight),5.620614457831318
1574,Talos the Untamed,5.737083333333348
1575,Tamara Rahn,5.625615615615627
1576,Tana Nile,5.7309963099631025
1577,Tarantula (Marvel Comics),5.533114992721974
1578,Tarzan in comics,5.810355345911931
1579,Taserface,5.739222972972976
1580,Taskmaster (comics),4.992857142857143
1581,Tatiana Caban,5.6240000000000006
1582,Taurus (comics),5.706
1583,Tazza (comics),6.04
1584,Teen Abomination,5.548449438202259
1585,Tempo (comics),5.6069875776397575
1586,Tenebrous (Marvel Comics),6.04
1587,Terraformer (comics),5.9159999999999995
1588,Terrax,5.625701559020045
1589,Terror Inc.,5.278155467720689
1590,Texas Twister,5.6589994249568685
1591,Thanos,5.658608027326993
1592,The Profile,6.09
1593,Thena,5.75538246268657
1594,Thermite (comics),5.763596059113306
1595,Thin Man (comics),5.740732436472355
1596,Thing (comics),5.358
1597,Thog (comics),5.4511111111111115
1598,Thor (Marvel Comics),5.64218889439754
1599,Thor Girl,5.651839237057237
1600,Threnody (comics),5.3618453683442695
1601,Thunderball (comics),5.465999999999999
1602,Thunderbird (John Proudstar),5.591449337323642
1603,Thunderbolt (Marvel Comics),5.456043165467638
1604,Thunderclap (comics),5.470240549828178
1605,Thunderer (Marvel Comics),5.614783393501813
1606,Thunderstrike (Eric Masterson),6.055
1607,Thundersword,4.785000000000001
1608,Thundra,5.708738069989398
1609,Tiger Shark (Marvel Comics),5.507116279069768
1610,Tigra,5.677704428144485
1611,Tildie Soames,5.535666666666671
1612,Timebroker,5.611193415637861
1613,Timeslip (comics),5.729281437125754
1614,Tinkerer (Marvel Comics),5.5569994484280185
1615,Titania (Marvel Comics),5.563413323782201
1616,Titanium Man,5.534476956839792
1617,Titannus,5.61218097447796
1618,Toad (comics),5.286
1619,Tom Corsi,5.580513698630144
1620,Tombstone (comics),5.465999999999999
1621,Tonaja,5.742272727272727
1622,Toni Ho,5.707137254901968
1623,Topaz (Marvel Comics),5.595227272727274
1624,Toro (comics),5.666293995859223
1625,Torpedo (Marvel Comics),5.58291428571429
1626,Toxin (comics),5.465999999999999
1627,Tracer (Marvel Comics),5.595109170305679
1628,Trance (comics),5.641336971350625
1629,Transonic (comics),5.444999999999999
1630,Trapster,5.4980479452054665
1631,Trash (comics),5.232834467120182
1632,Tremolo (comics),5.9799999999999995
1633,Trevor Fitzroy,5.444086181277869
1634,Trevor Slattery,5.691587399629413
1635,Tricephalous (comics),5.7033024691358065
1636,Trick Shot (comics),5.007142857142858
1637,Triton (comics),5.658206106870226
1638,Troll (Marvel Comics),5.453613963039018
1639,Turbo (comics),5.613186077643909
1640,Turk Barrett,5.492160194174761
1641,Turner D. Century,5.4755612244898
1642,Tusk (comics),5.122999999999999
1643,Two-Gun Kid,5.6393411996066884
1644,Typeface (comics),5.450382513661215
1645,Typhon (comics),5.412135523613965
1646,Tyr (Marvel Comics),5.5021061359867405
1647,Tyrak,
1648,Tyrant (Marvel Comics),5.321250000000001
1649,Tyrone Cash,5.62049773755657
1650,U-Foes,5.4744002998500925
1651,U-Man,5.76784810126583
1652,U.S. Agent (comics),5.2749999999999995
1653,Uatu,5.625950668036987
1654,Ulik,5.566233611442207
1655,Ultimate Red Guardian,6.05
1656,Ultimo (Marvel Comics),5.4646929824561425
1657,Ultron,5.6352112676056025
1658,Ulysses Bloodstone,5.566376929325762
1659,Umar (Marvel Comics),5.628522119591635
1660,Uncle Ben,5.556779994380409
1661,Underworld (comics),5.95
1662,Uni-Mind,6.022
1663,Unicorn (Marvel Comics),5.58495110024451
1664,Union Jack (comics),5.724285714285713
1665,Unus the Untouchable,5.46723653395786
1666,Ursa Major (comics),5.515000000000001
1667,Val Rhymin,5.631769911504429
1668,Valentina Allegra de Fontaine,5.477452667814129
1669,Valeria Richards,5.682871842843782
1670,Valerie Cooper,5.569220246238042
1671,Valkyrie (Marvel Comics),5.68302565532623
1672,Vance Astro,5.700204280155651
1673,Vanessa Fisk,5.388551818805765
1674,Vanisher,5.468529945553536
1675,Vengeance (comics),4.800000000000001
1676,Venom (Marvel Comics character),5.08375
1677,Venomm,5.500513595166171
1678,Venus (Marvel Comics),5.797128027681678
1679,Vermin (comics),5.3933333333333335
1680,Vernon Fury,5.035333333333332
1681,Vertigo (Marvel Comics),5.577312030075197
1682,Vessel (comics),5.608461538461539
1683,Vibraxas,6.064
1684,Victor Mancha,5.672753067484666
1685,Victoria Hand (comics),5.824
1686,Vin Gonzales,5.585694117647065
1687,Viper (Marvel Comics),5.595429799426949
1688,Virgo (comics),5.465999999999999
1689,Vishanti,5.756153846153846
1690,Vision (Timely Comics),5.82264347826088
1691,Voice (comics),2.44
1692,Volcana (Marvel Comics),5.63820840950641
1693,Volla (comics),5.9799999999999995
1694,Volstagg,5.536735700197223
1695,Voyager (comics),5.804829268292688
1696,Vulcan (Marvel Comics),5.455022004889974
1697,Wallflower (comics),5.660937019969285
1698,Walrus (comics),5.706
1699,War (Marvel Comics),5.3238964241677005
1700,War Machine,5.3261257861635105
1701,Ward Meachum,5.479754816112098
1702,Warlock (New Mutants),5.581681136543017
1703,Warpath (comics),5.502810846560854
1704,Warrior Woman (Marvel Comics),5.655862068965525
1705,Warwolf (Marvel Comics),5.249983361064896
1706,Washout (comics),5.465999999999999
1707,Wasp (comics),5.465999999999999
1708,Weapon H,5.260783475783465
1709,Wendigo (comics),5.4913869014859795
1710,Werewolf by Night,5.597199644022509
1711,Werner von Strucker,5.43002941176471
1712,Western Kid,5.754226190476201
1713,Whiplash (comics),5.70875
1714,Whiplash (Mark Scarlotti),6.18
1715,Whirlwind (comics),5.50300268096514
1716,White Dragon (comics),5.546469366562823
1717,White Rabbit (comics),5.675626029654031
1718,White Tiger (comics),5.691958598726126
1719,Whiteout (Marvel Comics),4.745
1720,Whizzer (comics),5.693618677042796
1721,Wiccan (comics),5.465999999999999
1722,Wild Child (comics),5.724285714285714
1723,Wildstreak,5.17
1724,Will o_ the Wisp (comics),5.544137254901972
1725,William Stryker,5.453335273573925
1726,Willie Lumpkin,5.831841779975273
1727,Wind Dancer,5.647952662721898
1728,Wing (Marvel Comics),5.485
1729,Wipeout (comics),5.034166666666667
1730,Wither (comics),5.47806451612904
1731,Witness (comics),5.358333333333333
1732,Wizard (Marvel Comics),5.567282926829273
1733,Wolfsbane (comics),5.465999999999999
1734,Wolverine (character),5.532889315205485
1735,Wonder Man,5.744301423027127
1736,Wong (comics),5.706
1737,Wong-Chu,5.432684563758401
1738,Wraith (Brian DeWolff),5.397792915531337
1739,Wrecker (comics),5.617810344827594
1740,Wundarr the Aquarian,5.693088235294133
1741,Wyatt Wingfoot,5.753497409326434
1742,Wysper,5.58
1743,X-Statix,5.610524079320128
1744,Xavin,5.669634740259748
1745,Xorn,5.671190615835784
1746,Yellow Claw (comics),5.521666666666667
1747,Yellowjacket (Marvel Comics),5.609437706725478
1748,Ymir (Marvel Comics),5.642187500000013
1749,Yo-Yo Rodriguez,5.555142857142868
1750,Yon-Rogg,5.56496047430832
1751,Yondu,5.760173716012101
1752,Yorkie Mitchell,5.715000000000001
1753,Yukio (comics),5.663712522045863
1754,Zabu,5.497213114754108
1755,Zarathos,5.490361613351883
1756,Zarrko,5.50353293413174
1757,Zeke Stane,5.600622182146087
1758,Zeus (Marvel Comics),5.7508438409311475
1759,Zheng Bao Yu,5.726996951219527
1760,Zheng Zu,5.548460061443902
1761,Zhou Cheng,5.494018691588785
1762,Zombie (comics),5.46111218568666
1763,Zorro (comics),5.947428571428571
1764,Zzzax,5.70713441654358
1765,711 (Quality Comics),5.893000000000001
1766,Abby Holland,5.587595693779895
1767,Abin Sur,5.449818627450973
1768,Abra Kadabra (character),5.631617647058827
1769,Ace the Bat-Hound,5.797433188315732
1770,Adam Strange,5.606497607655514
1771,Agent Liberty,5.616193633952258
1772,Air Wave,5.704911894273142
1773,Albert Rothstein,5.301666666666667
1774,Alura (DC Comics),5.683984891407
1775,Amazing-Man (DC Comics),5.824386920980919
1776,Amazo,5.7183178726035795
1777,Ambush Bug,5.619554924242429
1778,"Amethyst, Princess of Gemworld",5.680247890295336
1779,Amygdala (comics),5.465999999999999
1780,Anarky,5.67992670460004
1781,Angel and the Ape,5.86142647058823
1782,Animal Man,5.754365028717253
1783,Animal-Vegetable-Mineral Man,5.626358885017425
1784,Anna Fortune,5.787608069164263
1785,Anthro (comics),5.674578696343407
1786,Anti-Monitor,5.459306282722456
1787,Antiope (character),5.876843817787433
1788,Anton Arcane,5.473033033033035
1789,Apache Chief,5.736126315789483
1790,Aquagirl,5.723431952662718
1791,Aqualad,5.854836956521744
1792,Aquaman,5.701954397394124
1793,Arak (character),5.751463133640553
1794,Ares (DC Comics),5.697864818024263
1795,Argent (character),5.59300330033004
1796,Arion (character),5.670161062447001
1797,Arisia Rrab,5.614549356223181
1798,Arrowette,5.817952286282312
1799,Artemis of Bana-Mighdall,5.694817518248149
1800,Atom (character),5.604217821782172
1801,Atomic Knight,5.558099717779871
1802,Atomic Skull,5.497845345345348
1803,Atrocitus,5.448901821862334
1804,Axis Amerika,5.749393063583819
1805,Azrael (DC Comics),5.608765217391311
1806,Aztek (character),5.754181286549719
1807,Baby-Doll (character),5.84
1808,Bane (DC Comics),5.441377513030526
1809,Baron Bedlam,5.459376693766938
1810,Baron Blitzkrieg,5.688965517241386
1811,Baroness Paula von Gunther,5.275714285714287
1812,Bat Lash,5.692658227848105
1813,Bat-Mite,5.764227188081946
1814,Batgirl,5.7479694835680375
1815,Batman (1966 film),5.772348484848478
1816,Batman and Robin (serial),5.713312655086852
1817,Batman Beyond,5.687253077153982
1818,Batman,5.698965136661849
1819,Batman_ Knightfall,5.510995130213852
1820,Batman_ Mask of the Phantasm,5.739596020500439
1821,Battalion (DC Comics),5.6499647887324
1822,Batwing (DC Comics),5.606465087281788
1823,Batwoman,5.584274509803923
1824,Beast Boy,5.562410348360638
1825,Bekka,5.681966244725749
1826,Beppo (comics),5.833951120162946
1827,Bibbo Bibbowski,5.7249054054054
1828,Big Barda,5.809796610169478
1829,Big Science Action,5.658288190682563
1830,Bizarro,5.688822473063084
1831,Black Adam,5.532474262182625
1832,Black Alice (comics),5.488381601362879
1833,Black Canary,5.768026377767282
1834,Black Condor,5.7224630177514895
1835,Black Flash,5.491457286432163
1836,Black Hand (character),5.550863887493673
1837,Black Lightning,5.578588672237657
1838,Black Manta,5.49363952142027
1839,Black Mask (character),5.441544370860927
1840,Black Orchid (character),5.618542713567835
1841,Black Thorn (comics),5.095714285714286
1842,Black Vulcan,5.745568669527903
1843,Blackhawk (DC Comics),5.651012572968086
1844,Blaze and Satanus,5.565588235294122
1845,Blockbuster (DC Comics),5.6385840707964645
1846,Blok (comics),5.774657360406096
1847,Bloodlines (comics),5.651606425702811
1848,Bloodsport (comics),5.465999999999999
1849,Blue Beetle,5.699360902255582
1850,Blue Devil (DC Comics),5.438741919443039
1851,Bombshell (DC Comics),5.613370288248345
1852,Boodikka,5.529246353322527
1853,Booster Gold,5.709316262598744
1854,Bouncing Boy,5.785934664246822
1855,Bozo the Iron Man,5.688737270875762
1856,Brain (DC Comics),5.645274438055433
1857,Brain Wave (character),5.623891598915987
1858,Brainiac (character),5.63283478013375
1859,Brainiac 5,5.645311463324707
1860,Brainiac 8,5.639468599033822
1861,Brainwave (character),5.7379064327485345
1862,Brick (character),5.502360060514374
1863,Bronze Tiger,5.518785094435931
1864,Brother Blood,5.530917615539187
1865,Bruno Mannheim,5.559902120717785
1866,Brutale (DC Comics),5.519358108108114
1867,Bug-Eyed Bandit,5.497038167938936
1868,Bulleteer,5.615270618556707
1869,Bulletman and Bulletgirl,5.696278280542993
1870,Bumblebee (comics),5.358333333333334
1871,Bushido (comics),5.465999999999999
1872,B_wana Beast,5.655391304347825
1873,Cadre (comics),5.688639705882363
1874,Calculator (character),5.622920738327908
1875,Calendar Man,5.636290928609764
1876,Captain Atom,5.620438334329519
1877,Captain Boomerang,5.471871921182238
1878,Captain Cold,5.468168012924049
1879,Captain Comet,5.616213991769517
1880,Captain Marvel (DC Comics),5.759355699272393
1881,Captain Marvel Jr.,5.699606003752296
1882,Captain Nazi,5.757289416846665
1883,Catwoman,5.6265324267782635
1884,Characters of The Sandman,5.62
1885,Cheetah (character),5.7235694945848135
1886,Chemo (character),5.716646706586827
1887,Cheshire (comics),5.503515731874152
1888,Chief (DC Comics),5.522776978417278
1889,Chris Kent (character),5.593734504132225
1890,Chris KL-99,5.667590909090905
1891,Chronos (character),5.608282247765012
1892,Ch_p,5.6123730684326745
1893,Cinder and Ashe,5.794198473282443
1894,Circe (character),5.711904474002396
1895,Clayface,5.526830876648529
1896,Clock King,5.582721861471861
1897,Cluemaster,5.517311151079135
1898,Comedian (character),5.462114347357063
1899,Commander Steel,5.62498456109395
1900,Conduit (character),5.644028520499113
1901,Congorilla,5.654897959183688
1902,Cornelius Stirk,5.455821727019506
1903,Cosmic Boy,5.759064986737398
1904,Count Vertigo,5.396270975761348
1905,Creature Commandos,5.520552486187827
1906,Creeper (comics),5.6499999999999995
1907,Creeper (DC Comics),5.628731043020684
1908,Crimson Avenger,5.691848341232229
1909,Crispus Allen,5.351413953488375
1910,Cyborg (DC Comics),5.667802221272906
1911,Cyborg Superman,5.804362500000003
1912,Cyclone (DC Comics),5.807645211930933
1913,Dan the Dyna-Mite,5.703617606602477
1914,Dan Turpin,5.548255250403875
1915,Dark Angel (DC Comics),5.614372759856639
1916,Darkseid,5.6579799836600815
1917,Dava (comics),5.310470588235304
1918,Dawnstar,5.812803203661335
1919,Deadman (comics),5.627714997922705
1920,Deadshot,5.423018124507455
1921,Death (DC Comics),5.410270392068504
1922,Deathstroke,5.541504386595692
1923,Decay (DC Comics),5.423703007518799
1924,Demolition Team,5.5326109660574465
1925,DeSaad,5.612634367903108
1926,Despero,5.704561972744962
1927,Detective Chimp,5.696790766939695
1928,Dial H for Hero,5.634854972375656
1929,Ding Dong Daddy,5.683826714801447
1930,Doctor Alchemy,5.569694555112888
1931,Doctor Cyber,5.754656084656111
1932,Doctor Destiny,5.669392764857873
1933,Doctor Fate,5.570642734591403
1934,Doctor Light (character),5.544117647058826
1935,Doctor Manhattan,5.617423552374759
1936,Doctor Mid-Nite,5.6862214983713235
1937,Doctor Occult,5.765811240721117
1938,Doctor Poison,5.631123363197798
1939,Doctor Polaris,5.601217579250725
1940,Doctor Psycho,5.4822932144626
1941,Doctor Sivana,5.647243891984556
1942,Doll Man,5.789310924369753
1943,Dollmaker (comics),5.465999999999999
1944,Doom Patrol,5.475043994270465
1945,Doomsday (DC Comics),5.511087507308507
1946,Dream (character),5.719004352557127
1947,Duela Dent,5.643898156277442
1948,Eclipso,5.576866889136044
1949,El Diablo (comics),5.509664268585137
1950,Elasti-Girl,5.547806580259223
1951,Elongated Man,5.55373239436617
1952,Elseworld_s Finest_ Supergirl _ Batgirl,5.649827586206889
1953,Emerald Empress,5.662729488220962
1954,Empire (comics),5.6791968911917134
1955,Enchantress (DC Comics),5.527054579673703
1956,Eradicator (character),5.776985743380833
1957,Etrigan the Demon,5.483325575381368
1958,Faora,5.638152022315206
1959,Felicity Smoak,5.754519230769242
1960,Felix Faust,5.6072200392927165
1961,Ferro Lad,5.741370614035096
1962,Fiddler (comics),5.5808179012345684
1963,Fire (comics),5.589042968750003
1964,Firebrand (DC Comics),5.655639771801144
1965,Firefly (DC Comics),5.5363514269725735
1966,Firestorm (character),5.593151100987092
1967,Flamebird,5.6620618556701094
1968,Flamingo (comics),5.495603112840481
1969,Flash (DC Comics character),5.740876181692358
1970,Flash in other media,5.740092934721716
1971,Flex Mentallo,5.608534675615205
1972,Floronic Man,5.663765923566878
1973,For the Man Who Has Everything,5.873528735632187
1974,Forerunner (DC Comics),5.518962962962972
1975,Frankenstein (DC Comics),5.566645569620263
1976,Fury (DC Comics),5.654540995094601
1977,G.I. Robot,5.441390306122453
1978,Gambler (comics),5.561232227488154
1979,Ganthet,5.644541855203608
1980,Gearhead (DC Comics),5.4998951048951135
1981,General Immortus,5.507402985074628
1982,General Zahl,5.285220125786166
1983,Gentleman Ghost,5.542939632545941
1984,Geo-Force,5.519828968466062
1985,Giganta,5.729502074688778
1986,Gillian B. Loeb,5.423207547169818
1987,Gim Allon,5.834611570247926
1988,Gizmo (DC Comics),5.608040201005026
1989,Glorious Godfrey,5.651139041633933
1990,Gnarrk,5.675634920634928
1991,Golden Glider,5.660862831858407
1992,Gorilla Grodd,5.686578490893298
1993,Gotham City Police Department,5.407777777777778
1994,Green Arrow,5.7097425861808375
1995,Green Lantern Corps,5.573641841407507
1996,Green Lantern,5.672297834732653
1997,Guardian (DC Comics),5.713846153846151
1998,G_nort,5.613561116458131
1999,Hal Jordan,5.680324378109426
2000,Hank Hall,5.620070648683365
2001,Harlequin (character),5.625
2002,Harley Quinn,5.6787282384183095
2003,Harper Row,5.796079335793355
2004,Harry Stein (character),5.457205882352941
2005,Harvey Bullock (character),5.496232906925426
2006,Hawk and Dove,5.641268582755204
2007,Hawkgirl,5.722035398230056
2008,Hawkman,5.696108663729793
2009,Hawkwoman,5.626368715083799
2010,Heat Wave (comics),5.44787072243346
2011,Hector Hammond,5.596235955056181
2012,Hell (DC Comics),5.31629925066474
2013,Hero Hotline,5.82425595238095
2014,Hippolyta (DC Comics),5.792987341772137
2015,Hourman,5.7074102079395095
2016,Huntress (comics),5.7433389261745
2017,Hush (character),5.483775569842166
2018,Hyathis,5.6883709273182985
2019,I...Vampire,4.34
2020,Ibis the Invincible,5.6985298621745795
2021,Ice (character),5.66573529411764
2022,Icemaiden,5.625
2023,Icicle (comics),5.5990586630286465
2024,Icon (character),5.771556526488249
2025,Immortal Man,5.688885416666659
2026,Impulse (DC Comics),5.398000000000001
2027,Inferior Five,5.714367346938782
2028,Inspector Henderson,5.638705148205924
2029,Intergang,5.493548387096776
2030,International Ultramarine Corps,5.670689149560118
2031,Invisible Kid,5.745705568268504
2032,Ion (DC Comics),5.697310924369748
2033,Iris West,5.613698135898973
2034,Isamot Kol,5.399042407660749
2035,Isis (DC Comics),5.624372032801026
2036,Jack O_Lantern (DC Comics),5.735496535796769
2037,Jack the Ripper fiction,5.83
2038,Jade (DC Comics),5.776158156911567
2039,Jakeem Thunder,5.644835061262965
2040,Jeremiah Arkham,5.603786231884056
2041,Jimmy Olsen,5.735319590923618
2042,Jinx (DC Comics),5.673568818514014
2043,Johnny Sorrow,5.493636363636365
2044,Johnny Thunder,5.6827418492784405
2045,Joker (DC Comics),5.078
2046,Jor-El,5.736948433420319
2047,Karate Kid (comics),5.61125
2048,Kasnia,5.7689473684210535
2049,Katana (DC Comics),5.600343443354114
2050,Kelex,5.6423145400593455
2051,Khund,5.580575000000002
2052,Kid Eternity,5.747265017667842
2053,Kid Flash,5.780049539985848
2054,Killer Croc,5.395475534114373
2055,Killer Frost,5.46945979381442
2056,Killer Moth,5.410841730883224
2057,King Chimera,5.704323699421966
2058,King Standish,5.700166112956816
2059,Kobra (DC Comics),5.481009646302257
2060,Kole,5.558422053231946
2061,L-Ron,5.612222222222223
2062,Lady Blackhawk,5.67087387387389
2063,Lady Quark,5.5895771144278665
2064,Lady Shiva,5.479976174268166
2065,Lady Styx,5.6412316715542525
2066,Lady Vic,5.583782178217825
2067,Lagoon Boy,5.693693467336676
2068,Lana Lang,5.731713922979244
2069,Lara (character),5.80134684147796
2070,Larfleeze,5.665809040980144
2071,Larry Lance,5.595920303605318
2072,Lashina,5.641052631578962
2073,Laurel Gand,5.579933687002651
2074,League of Assassins,5.469641700404857
2075,Legion (DC Comics),5.647315634218294
2076,Lena Luthor,5.6485196195005924
2077,Lex Luthor,5.6228087037778725
2078,Liberty Belle (comics),5.849661590524532
2079,Lightning (DC Comics),5.722936507936517
2080,Lilith Clay,5.6037304687499985
2081,Lionel Luthor,5.640814696485613
2082,Livewire (DC Comics),5.7558093797277055
2083,Li_l Lobo,5.72625
2084,Lobo (DC Comics),5.5983362047747525
2085,Lois Lane,5.747514043509369
2086,Looker (character),5.612443181818178
2087,Lori Lemaris,5.763540740740748
2088,Lucifer (DC Comics),5.5874744897958895
2089,Lucy Lane,5.673959773727207
2090,Lynx (comics),5.3343325526932155
2091,Magpie (character),5.544628008752743
2092,Major Force,5.4962923728813555
2093,Mammoth (comics),5.73767441860465
2094,Martian Manhunter,5.598832895888013
2095,Masters of Disaster (comics),5.49491467576792
2096,Maximums,5.5183442265795275
2097,Maxwell Lord,5.633179229480736
2098,Metal Men,5.730971223021567
2099,Metallo,5.619631650750323
2100,Minister Blizzard,5.674121447028433
2101,Mongul,5.62286028119506
2102,Morgan Edge,5.62049950049949
2103,Mr. Freeze,5.449278632478598
2104,Ms. Gsptlsnz,5.625269565217402
2105,Mutants (DC Comics),5.527721712538232
2106,Naiad (character),5.495469879518073
2107,Natas (character),5.538365122615809
2108,Nebula Man,5.779648798521253
2109,Negative Man,5.400237003058101
2110,Nekron,5.5437207425343
2111,Nemesis (DC Comics),5.58655300222387
2112,Nemesis Kid,5.676425992779788
2113,Neon the Unknown,5.795181451612909
2114,Neutron (DC Comics),5.567382671480148
2115,Night Force,5.641079258010112
2116,Nighthawk (DC Comics),5.709673024523168
2117,Nightmaster,5.631428571428578
2118,Nightrider (DC Comics),5.534818840579714
2119,Nightrunner (character),5.747564935064941
2120,Nightshade (DC Comics),5.542526881720427
2121,Nightslayer,5.537952522255196
2122,Nightwing,5.541097213078747
2123,Nite Owl,5.587382378100935
2124,Nite-Wing,5.432294220665497
2125,Nocturna (DC Comics),5.619106598984785
2126,Non (comics),5.633196794300988
2127,Northwind (comics),5.683569060773481
2128,Nuidis Vulko,5.489956896551727
2129,Nura Nal,5.86834586466165
2130,Omega Men,5.54824295010847
2131,Onomatopoeia (comics),5.596251415628551
2132,Orca (DC Comics),5.459732360097328
2133,Paul Westfield,5.603483606557373
2134,Perry White,5.7452763819095605
2135,Phantom Girl,5.674583059750488
2136,Phosphorus Rex,5.707370892018787
2137,Prankster (comics),5.559095528455275
2138,Prestor Jon,5.600905077262692
2139,Professor Carter Nichols,5.521000000000001
2140,Professor Pyg,5.713785103785103
2141,Protector (DC Comics),5.608500000000013
2142,Quakemaster,5.636596385542175
2143,Ravan (comics),5.171332007952293
2144,Raven (DC Comics),5.635695652173882
2145,Red Star (comics),5.557652270210411
2146,Red Tornado,5.533517684887486
2147,Reep Daggle,5.823174114021569
2148,Richard Dragon,5.590618666666658
2149,Robin (DC Comics),5.83
2150,Rose Wilson,5.642560829676883
2151,Roy Harper (character),5.588808699950538
2152,Royal Flush Gang,5.610910319963941
2153,Sam Lane (comics),5.605269709543586
2154,Sardath,5.806168831168832
2155,Shining Knight,5.81515695067265
2156,Silas Stone,5.643697604790411
2157,Sin (DC Comics),5.428871287128714
2158,Sparta of Synriannaq,5.699943820224729
2159,Spider (DC Comics),5.58959493670887
2160,Steve Lombard,5.725374280230337
2161,Super Friends,5.955504080652864
2162,Super-Hip,5.7838845144357
2163,Super-Turtle,6.000249376558606
2164,Superboy,5.7119296541002615
2165,Supergirl,5.74424778761058
2166,Superman (1978 film),5.814418496029736
2167,Superman robots,5.803548387096761
2168,Superman _ Batman_ Generations,5.582637182637182
2169,Superman,5.816433881881201
2170,Supernova (DC Comics),5.737361299052773
2171,Superwoman,5.689857910906273
2172,Tally Man,5.4572344322344435
2173,Terrible Trio,5.48963995354239
2174,The Losers (2010 film),5.650158934707878
2175,The Monarchy (comics),5.6846409989594235
2176,The Pentacle,5.405011933174229
2177,The Shadow,5.586465124430362
2178,Themyscira (DC Comics),5.824399585921313
2179,TNT (character),5.72182194616977
2180,Tony Zucco,5.512900232018567
2181,Turtle (comics),5.6070349650349645
2182,Ultra Boy,5.7318326693227135
2183,Ultra the Multi-Alien,5.700672389127321
2184,Ultra-Humanite,5.713290289256176
2185,Ultra-Man,5.745291005291006
2186,Ultraa,5.752615955473103
2187,Ultraman (DC Comics),5.547656945130983
2188,Umbaluru,5.851999999999999
2189,Uncle Marvel,5.87435028248588
2190,Uncle Sam (comics),5.756852320675122
2191,Universo,5.733250950570348
2192,Unknown Soldier (DC Comics),5.396070075757578
2193,V (character),5.488877221324702
2194,Valda the Iron Maiden,5.68
2195,Valentina Vostok,5.417914012738853
2196,Validus,5.593333333333334
2197,Vandal Savage,5.487445421037686
2198,Vartox,5.640747282608702
2199,Vath Sarn,5.601000000000001
2200,Ventriloquist (comics),5.3933333333333335
2201,Veridium,5.748333333333334
2202,Veronica Cale,5.747039145907485
2203,Vibe (comics),5.787012509197947
2204,Vicki Vale,5.624624250806803
2205,Vigilante (comics),5.526873065015491
2206,Viking Prince,5.596644295302021
2207,Virman Vundabar,5.74405684754523
2208,Virtuoso (comics),4.93625
2209,Vixen (comics),5.697389347336809
2210,Volcana,5.563333333333334
2211,Von Bach,6.3
2212,Voodoo (Wildstorm),5.563475887170149
2213,Wally West,5.678459576138138
2214,Warlock_s Daughter,5.487862969004891
2215,Warlord (DC Comics),5.641916092673754
2216,Warp (comics),5.539881235154404
2217,Waverider (character),5.62316926770708
2218,Weapons Master,5.494566744730684
2219,Weather Wizard,5.602563291139247
2220,Web (character),5.755249537892787
2221,Weeper (DC Comics),5.434218942189429
2222,Weird (comics),5.650913242009138
2223,Whip (comics),5.508201058201064
2224,White Witch (comics),5.778551068883608
2225,Wild Dog (comics),5.611032186459484
2226,Wildebeest (comics),5.626673267326736
2227,Wildfire (comics),5.660517961570601
2228,Wildstar (DC Comics),5.260909090909091
2229,Wintergreen (comics),5.608504801097401
2230,Wizard (DC Comics),5.580936555891249
2231,Wonder Boy (character),5.944708904109595
2232,Wonder Girl (Cassie Sandsmark),5.678388429752039
2233,Wonder Twins,5.878224027858368
2234,Wonder Woman,5.889895591647299
2235,Woozy Winks,5.611384615384625
2236,Wotan (comics),5.75361963190185
2237,Wrath (comics),5.41672206832872
2238,Xenobrood,5.676870967741943
2239,Xombi,5.566003316749587
2240,XS (comics),5.465999999999999
2241,Yellow Peri,5.79780000000001
2242,Yellowjacket (Charlton Comics),5.7665594855305535
2243,Zachary Zatara,5.64450420168068
2244,Zara (character),5.585776965265088
2245,Zatanna,5.7181334279630684
2246,Zatara,5.707384076990377
2247,Zauriel,5.588766859344876
2248,Zebra-Man,5.624452975047994
2249,Zeus (DC Comics),5.834383886255933
2250,Zookeeper (comics),5.554177215189879
2251,Zor-El,5.559165545087514
